family_id,assigned_day
0,52.0
1,26.0
2,100.0
3,2.0
4,53.0
5,32.0
6,88.0
7,25.0
8,18.0
9,1.0
10,96.0
11,19.0
12,52.0
13,54.0
14,45.0
15,22.0
16,46.0
17,47.0
18,75.0
19,3.0
20,3.0
21,56.0
22,61.0
23,19.0
24,75.0
25,16.0
26,58.0
27,38.0
28,81.0
29,89.0
30,68.0
31,74.0
32,24.0
33,32.0
34,46.0
35,31.0
36,47.0
37,15.0
38,13.0
39,10.0
40,25.0
41,31.0
42,81.0
43,11.0
44,49.0
45,5.0
46,15.0
47,45.0
48,32.0
49,33.0
50,67.0
51,28.0
52,33.0
53,37.0
54,94.0
55,91.0
56,12.0
57,31.0
58,74.0
59,39.0
60,1.0
61,18.0
62,1.0
63,31.0
64,3.0
65,47.0
66,1.0
67,1.0
68,89.0
69,5.0
70,32.0
71,11.0
72,66.0
73,10.0
74,82.0
75,53.0
76,46.0
77,20.0
78,52.0
79,1.0
80,18.0
81,17.0
82,32.0
83,88.0
84,9.0
85,54.0
86,29.0
87,25.0
88,57.0
89,23.0
90,54.0
91,17.0
92,85.0
93,5.0
94,47.0
95,24.0
96,75.0
97,96.0
98,3.0
99,39.0
100,39.0
101,53.0
102,31.0
103,68.0
104,47.0
105,12.0
106,34.0
107,12.0
108,34.0
109,17.0
110,67.0
111,68.0
112,60.0
113,18.0
114,15.0
115,22.0
116,77.0
117,94.0
118,69.0
119,4.0
120,56.0
121,17.0
122,24.0
123,95.0
124,14.0
125,47.0
126,3.0
127,2.0
128,56.0
129,17.0
130,16.0
131,11.0
132,76.0
133,54.0
134,18.0
135,5.0
136,88.0
137,82.0
138,59.0
139,89.0
140,61.0
141,89.0
142,26.0
143,38.0
144,28.0
145,18.0
146,64.0
147,28.0
148,63.0
149,61.0
150,60.0
151,3.0
152,88.0
153,3.0
154,25.0
155,100.0
156,95.0
157,87.0
158,13.0
159,3.0
160,40.0
161,47.0
162,68.0
163,84.0
164,18.0
165,1.0
166,14.0
167,95.0
168,19.0
169,67.0
170,12.0
171,24.0
172,21.0
173,68.0
174,94.0
175,17.0
176,52.0
177,74.0
178,80.0
179,26.0
180,40.0
181,7.0
182,94.0
183,17.0
184,4.0
185,80.0
186,50.0
187,43.0
188,10.0
189,1.0
190,9.0
191,54.0
192,77.0
193,12.0
194,95.0
195,55.0
196,26.0
197,59.0
198,81.0
199,51.0
200,26.0
201,47.0
202,23.0
203,38.0
204,67.0
205,1.0
206,28.0
207,47.0
208,1.0
209,9.0
210,23.0
211,67.0
212,10.0
213,52.0
214,31.0
215,1.0
216,43.0
217,5.0
218,38.0
219,68.0
220,1.0
221,17.0
222,36.0
223,60.0
224,4.0
225,61.0
226,59.0
227,49.0
228,87.0
229,48.0
230,57.0
231,48.0
232,47.0
233,87.0
234,82.0
235,53.0
236,37.0
237,3.0
238,19.0
239,14.0
240,33.0
241,60.0
242,60.0
243,89.0
244,39.0
245,4.0
246,50.0
247,66.0
248,33.0
249,75.0
250,1.0
251,75.0
252,1.0
253,73.0
254,18.0
255,12.0
256,93.0
257,74.0
258,92.0
259,60.0
260,25.0
261,67.0
262,32.0
263,48.0
264,11.0
265,11.0
266,32.0
267,18.0
268,39.0
269,30.0
270,67.0
271,73.0
272,43.0
273,38.0
274,8.0
275,15.0
276,32.0
277,3.0
278,54.0
279,38.0
280,89.0
281,22.0
282,17.0
283,73.0
284,20.0
285,66.0
286,54.0
287,47.0
288,63.0
289,66.0
290,25.0
291,80.0
292,66.0
293,67.0
294,46.0
295,10.0
296,39.0
297,48.0
298,19.0
299,32.0
300,5.0
301,45.0
302,4.0
303,27.0
304,86.0
305,58.0
306,2.0
307,1.0
308,47.0
309,19.0
310,89.0
311,59.0
312,43.0
313,17.0
314,39.0
315,45.0
316,53.0
317,25.0
318,49.0
319,10.0
320,7.0
321,1.0
322,82.0
323,48.0
324,33.0
325,1.0
326,26.0
327,46.0
328,10.0
329,19.0
330,82.0
331,17.0
332,10.0
333,23.0
334,22.0
335,68.0
336,89.0
337,24.0
338,74.0
339,45.0
340,1.0
341,58.0
342,54.0
343,89.0
344,23.0
345,66.0
346,1.0
347,59.0
348,1.0
349,19.0
350,96.0
351,27.0
352,93.0
353,25.0
354,87.0
355,53.0
356,33.0
357,25.0
358,11.0
359,90.0
360,55.0
361,87.0
362,81.0
363,12.0
364,99.0
365,4.0
366,3.0
367,17.0
368,26.0
369,45.0
370,13.0
371,26.0
372,96.0
373,61.0
374,75.0
375,6.0
376,26.0
377,82.0
378,25.0
379,4.0
380,73.0
381,27.0
382,48.0
383,12.0
384,3.0
385,29.0
386,66.0
387,39.0
388,32.0
389,54.0
390,40.0
391,75.0
392,60.0
393,36.0
394,11.0
395,8.0
396,75.0
397,52.0
398,37.0
399,5.0
400,3.0
401,52.0
402,25.0
403,17.0
404,48.0
405,54.0
406,3.0
407,68.0
408,21.0
409,81.0
410,81.0
411,1.0
412,25.0
413,80.0
414,26.0
415,24.0
416,96.0
417,10.0
418,32.0
419,26.0
420,60.0
421,87.0
422,24.0
423,74.0
424,4.0
425,30.0
426,33.0
427,24.0
428,40.0
429,2.0
430,66.0
431,12.0
432,45.0
433,1.0
434,18.0
435,1.0
436,11.0
437,38.0
438,25.0
439,1.0
440,39.0
441,33.0
442,29.0
443,14.0
444,26.0
445,74.0
446,27.0
447,19.0
448,82.0
449,18.0
450,60.0
451,33.0
452,87.0
453,33.0
454,11.0
455,1.0
456,94.0
457,70.0
458,46.0
459,66.0
460,30.0
461,27.0
462,80.0
463,18.0
464,46.0
465,46.0
466,36.0
467,3.0
468,54.0
469,93.0
470,17.0
471,38.0
472,1.0
473,56.0
474,22.0
475,33.0
476,54.0
477,60.0
478,5.0
479,34.0
480,1.0
481,13.0
482,30.0
483,78.0
484,26.0
485,30.0
486,11.0
487,26.0
488,40.0
489,16.0
490,28.0
491,73.0
492,95.0
493,16.0
494,95.0
495,56.0
496,3.0
497,16.0
498,45.0
499,46.0
500,27.0
501,21.0
502,56.0
503,22.0
504,1.0
505,16.0
506,38.0
507,47.0
508,35.0
509,37.0
510,82.0
511,43.0
512,58.0
513,64.0
514,3.0
515,14.0
516,17.0
517,60.0
518,24.0
519,24.0
520,4.0
521,66.0
522,32.0
523,4.0
524,74.0
525,19.0
526,59.0
527,16.0
528,68.0
529,25.0
530,61.0
531,45.0
532,4.0
533,26.0
534,14.0
535,12.0
536,91.0
537,23.0
538,83.0
539,9.0
540,31.0
541,60.0
542,22.0
543,53.0
544,12.0
545,81.0
546,80.0
547,60.0
548,88.0
549,1.0
550,73.0
551,3.0
552,35.0
553,45.0
554,53.0
555,10.0
556,26.0
557,94.0
558,18.0
559,47.0
560,18.0
561,20.0
562,89.0
563,47.0
564,82.0
565,91.0
566,45.0
567,1.0
568,80.0
569,25.0
570,11.0
571,98.0
572,62.0
573,19.0
574,88.0
575,94.0
576,81.0
577,31.0
578,18.0
579,11.0
580,49.0
581,42.0
582,20.0
583,1.0
584,87.0
585,3.0
586,67.0
587,40.0
588,51.0
589,82.0
590,5.0
591,55.0
592,40.0
593,23.0
594,1.0
595,19.0
596,88.0
597,81.0
598,47.0
599,43.0
600,15.0
601,2.0
602,12.0
603,1.0
604,15.0
605,12.0
606,12.0
607,81.0
608,94.0
609,94.0
610,51.0
611,57.0
612,10.0
613,96.0
614,61.0
615,58.0
616,44.0
617,80.0
618,2.0
619,42.0
620,52.0
621,95.0
622,99.0
623,75.0
624,78.0
625,47.0
626,33.0
627,3.0
628,23.0
629,62.0
630,95.0
631,10.0
632,33.0
633,10.0
634,24.0
635,30.0
636,80.0
637,40.0
638,26.0
639,30.0
640,43.0
641,81.0
642,73.0
643,12.0
644,19.0
645,10.0
646,48.0
647,57.0
648,38.0
649,65.0
650,47.0
651,46.0
652,16.0
653,95.0
654,10.0
655,73.0
656,68.0
657,48.0
658,35.0
659,69.0
660,54.0
661,31.0
662,18.0
663,6.0
664,24.0
665,60.0
666,48.0
667,81.0
668,10.0
669,61.0
670,18.0
671,67.0
672,44.0
673,17.0
674,76.0
675,61.0
676,4.0
677,95.0
678,32.0
679,23.0
680,27.0
681,61.0
682,15.0
683,40.0
684,26.0
685,46.0
686,18.0
687,51.0
688,88.0
689,67.0
690,38.0
691,8.0
692,13.0
693,8.0
694,96.0
695,8.0
696,46.0
697,85.0
698,10.0
699,35.0
700,14.0
701,8.0
702,7.0
703,66.0
704,60.0
705,14.0
706,95.0
707,18.0
708,46.0
709,39.0
710,39.0
711,14.0
712,36.0
713,25.0
714,10.0
715,33.0
716,49.0
717,66.0
718,31.0
719,32.0
720,53.0
721,45.0
722,19.0
723,92.0
724,81.0
725,69.0
726,18.0
727,3.0
728,10.0
729,32.0
730,17.0
731,68.0
732,10.0
733,50.0
734,8.0
735,17.0
736,80.0
737,12.0
738,87.0
739,65.0
740,61.0
741,81.0
742,99.0
743,11.0
744,41.0
745,25.0
746,60.0
747,25.0
748,46.0
749,65.0
750,96.0
751,54.0
752,4.0
753,30.0
754,36.0
755,12.0
756,4.0
757,73.0
758,22.0
759,97.0
760,23.0
761,48.0
762,87.0
763,17.0
764,4.0
765,32.0
766,16.0
767,82.0
768,87.0
769,94.0
770,25.0
771,45.0
772,12.0
773,2.0
774,26.0
775,99.0
776,74.0
777,46.0
778,3.0
779,67.0
780,77.0
781,9.0
782,67.0
783,52.0
784,75.0
785,73.0
786,96.0
787,6.0
788,19.0
789,52.0
790,59.0
791,5.0
792,88.0
793,100.0
794,32.0
795,30.0
796,81.0
797,3.0
798,45.0
799,3.0
800,57.0
801,17.0
802,3.0
803,19.0
804,57.0
805,11.0
806,49.0
807,31.0
808,52.0
809,2.0
810,69.0
811,75.0
812,95.0
813,53.0
814,27.0
815,88.0
816,54.0
817,53.0
818,4.0
819,32.0
820,33.0
821,36.0
822,34.0
823,35.0
824,60.0
825,89.0
826,28.0
827,5.0
828,80.0
829,70.0
830,36.0
831,8.0
832,41.0
833,46.0
834,56.0
835,17.0
836,31.0
837,87.0
838,94.0
839,12.0
840,24.0
841,10.0
842,69.0
843,88.0
844,81.0
845,5.0
846,47.0
847,95.0
848,39.0
849,50.0
850,19.0
851,13.0
852,31.0
853,55.0
854,14.0
855,51.0
856,12.0
857,11.0
858,60.0
859,24.0
860,55.0
861,57.0
862,59.0
863,82.0
864,4.0
865,19.0
866,24.0
867,3.0
868,33.0
869,11.0
870,53.0
871,94.0
872,11.0
873,5.0
874,23.0
875,82.0
876,5.0
877,49.0
878,4.0
879,65.0
880,53.0
881,41.0
882,47.0
883,82.0
884,33.0
885,6.0
886,81.0
887,83.0
888,25.0
889,99.0
890,65.0
891,95.0
892,17.0
893,63.0
894,78.0
895,11.0
896,29.0
897,67.0
898,26.0
899,81.0
900,73.0
901,7.0
902,33.0
903,19.0
904,24.0
905,5.0
906,73.0
907,34.0
908,95.0
909,52.0
910,46.0
911,10.0
912,68.0
913,59.0
914,94.0
915,55.0
916,81.0
917,60.0
918,11.0
919,68.0
920,26.0
921,31.0
922,95.0
923,96.0
924,43.0
925,71.0
926,33.0
927,74.0
928,40.0
929,18.0
930,2.0
931,35.0
932,12.0
933,73.0
934,38.0
935,26.0
936,31.0
937,27.0
938,46.0
939,45.0
940,31.0
941,23.0
942,57.0
943,82.0
944,87.0
945,74.0
946,54.0
947,28.0
948,38.0
949,86.0
950,20.0
951,88.0
952,54.0
953,46.0
954,80.0
955,63.0
956,66.0
957,16.0
958,24.0
959,42.0
960,50.0
961,53.0
962,44.0
963,33.0
964,75.0
965,61.0
966,59.0
967,40.0
968,2.0
969,75.0
970,97.0
971,5.0
972,90.0
973,82.0
974,44.0
975,61.0
976,18.0
977,54.0
978,59.0
979,4.0
980,38.0
981,12.0
982,14.0
983,96.0
984,2.0
985,44.0
986,82.0
987,87.0
988,11.0
989,62.0
990,50.0
991,75.0
992,54.0
993,46.0
994,39.0
995,35.0
996,57.0
997,50.0
998,3.0
999,80.0
1000,25.0
1001,25.0
1002,46.0
1003,29.0
1004,45.0
1005,31.0
1006,95.0
1007,12.0
1008,73.0
1009,75.0
1010,46.0
1011,24.0
1012,67.0
1013,11.0
1014,52.0
1015,17.0
1016,17.0
1017,5.0
1018,16.0
1019,75.0
1020,60.0
1021,75.0
1022,73.0
1023,60.0
1024,24.0
1025,71.0
1026,18.0
1027,54.0
1028,13.0
1029,41.0
1030,59.0
1031,94.0
1032,5.0
1033,52.0
1034,17.0
1035,40.0
1036,25.0
1037,66.0
1038,94.0
1039,66.0
1040,23.0
1041,96.0
1042,15.0
1043,16.0
1044,68.0
1045,73.0
1046,54.0
1047,15.0
1048,17.0
1049,31.0
1050,81.0
1051,59.0
1052,33.0
1053,33.0
1054,31.0
1055,81.0
1056,27.0
1057,17.0
1058,40.0
1059,40.0
1060,23.0
1061,65.0
1062,24.0
1063,25.0
1064,75.0
1065,88.0
1066,2.0
1067,75.0
1068,3.0
1069,25.0
1070,49.0
1071,94.0
1072,59.0
1073,32.0
1074,54.0
1075,52.0
1076,26.0
1077,14.0
1078,54.0
1079,59.0
1080,18.0
1081,25.0
1082,80.0
1083,96.0
1084,89.0
1085,31.0
1086,20.0
1087,22.0
1088,88.0
1089,60.0
1090,91.0
1091,56.0
1092,33.0
1093,67.0
1094,19.0
1095,19.0
1096,26.0
1097,55.0
1098,16.0
1099,59.0
1100,67.0
1101,68.0
1102,12.0
1103,74.0
1104,3.0
1105,45.0
1106,3.0
1107,75.0
1108,25.0
1109,5.0
1110,12.0
1111,100.0
1112,67.0
1113,18.0
1114,11.0
1115,31.0
1116,74.0
1117,7.0
1118,73.0
1119,34.0
1120,33.0
1121,94.0
1122,64.0
1123,26.0
1124,96.0
1125,26.0
1126,21.0
1127,68.0
1128,14.0
1129,32.0
1130,12.0
1131,24.0
1132,46.0
1133,3.0
1134,59.0
1135,67.0
1136,32.0
1137,3.0
1138,10.0
1139,42.0
1140,52.0
1141,87.0
1142,3.0
1143,87.0
1144,3.0
1145,53.0
1146,81.0
1147,47.0
1148,26.0
1149,59.0
1150,23.0
1151,25.0
1152,19.0
1153,17.0
1154,88.0
1155,75.0
1156,96.0
1157,15.0
1158,39.0
1159,17.0
1160,96.0
1161,60.0
1162,17.0
1163,18.0
1164,46.0
1165,79.0
1166,36.0
1167,61.0
1168,17.0
1169,25.0
1170,16.0
1171,80.0
1172,2.0
1173,88.0
1174,40.0
1175,60.0
1176,54.0
1177,52.0
1178,32.0
1179,69.0
1180,11.0
1181,56.0
1182,11.0
1183,66.0
1184,82.0
1185,52.0
1186,2.0
1187,75.0
1188,4.0
1189,94.0
1190,4.0
1191,75.0
1192,7.0
1193,4.0
1194,47.0
1195,43.0
1196,67.0
1197,5.0
1198,50.0
1199,16.0
1200,16.0
1201,11.0
1202,53.0
1203,87.0
1204,25.0
1205,9.0
1206,33.0
1207,26.0
1208,43.0
1209,74.0
1210,53.0
1211,49.0
1212,88.0
1213,50.0
1214,3.0
1215,94.0
1216,68.0
1217,41.0
1218,11.0
1219,39.0
1220,54.0
1221,80.0
1222,5.0
1223,58.0
1224,8.0
1225,25.0
1226,10.0
1227,18.0
1228,19.0
1229,21.0
1230,40.0
1231,87.0
1232,67.0
1233,45.0
1234,52.0
1235,45.0
1236,82.0
1237,43.0
1238,96.0
1239,50.0
1240,33.0
1241,60.0
1242,14.0
1243,58.0
1244,94.0
1245,10.0
1246,2.0
1247,81.0
1248,39.0
1249,39.0
1250,38.0
1251,29.0
1252,4.0
1253,72.0
1254,37.0
1255,89.0
1256,10.0
1257,88.0
1258,60.0
1259,66.0
1260,38.0
1261,68.0
1262,60.0
1263,91.0
1264,24.0
1265,5.0
1266,37.0
1267,23.0
1268,54.0
1269,66.0
1270,54.0
1271,95.0
1272,89.0
1273,27.0
1274,87.0
1275,5.0
1276,7.0
1277,49.0
1278,82.0
1279,57.0
1280,9.0
1281,76.0
1282,81.0
1283,29.0
1284,2.0
1285,38.0
1286,97.0
1287,11.0
1288,3.0
1289,39.0
1290,52.0
1291,34.0
1292,35.0
1293,12.0
1294,75.0
1295,95.0
1296,3.0
1297,96.0
1298,31.0
1299,11.0
1300,40.0
1301,9.0
1302,27.0
1303,80.0
1304,54.0
1305,5.0
1306,52.0
1307,60.0
1308,58.0
1309,57.0
1310,46.0
1311,45.0
1312,10.0
1313,88.0
1314,26.0
1315,31.0
1316,89.0
1317,26.0
1318,39.0
1319,43.0
1320,54.0
1321,19.0
1322,52.0
1323,96.0
1324,46.0
1325,23.0
1326,25.0
1327,14.0
1328,53.0
1329,5.0
1330,90.0
1331,11.0
1332,82.0
1333,53.0
1334,55.0
1335,89.0
1336,43.0
1337,78.0
1338,85.0
1339,77.0
1340,23.0
1341,67.0
1342,88.0
1343,34.0
1344,19.0
1345,32.0
1346,28.0
1347,5.0
1348,30.0
1349,54.0
1350,19.0
1351,81.0
1352,33.0
1353,11.0
1354,14.0
1355,54.0
1356,49.0
1357,82.0
1358,38.0
1359,31.0
1360,98.0
1361,2.0
1362,83.0
1363,33.0
1364,41.0
1365,68.0
1366,14.0
1367,2.0
1368,26.0
1369,87.0
1370,43.0
1371,85.0
1372,75.0
1373,49.0
1374,4.0
1375,32.0
1376,94.0
1377,18.0
1378,73.0
1379,23.0
1380,80.0
1381,52.0
1382,67.0
1383,26.0
1384,59.0
1385,87.0
1386,10.0
1387,5.0
1388,63.0
1389,74.0
1390,42.0
1391,74.0
1392,53.0
1393,11.0
1394,38.0
1395,17.0
1396,90.0
1397,2.0
1398,73.0
1399,59.0
1400,22.0
1401,10.0
1402,59.0
1403,87.0
1404,27.0
1405,53.0
1406,26.0
1407,44.0
1408,45.0
1409,95.0
1410,53.0
1411,54.0
1412,86.0
1413,86.0
1414,89.0
1415,18.0
1416,80.0
1417,73.0
1418,42.0
1419,9.0
1420,59.0
1421,23.0
1422,91.0
1423,2.0
1424,38.0
1425,80.0
1426,43.0
1427,32.0
1428,32.0
1429,31.0
1430,20.0
1431,49.0
1432,33.0
1433,100.0
1434,16.0
1435,68.0
1436,96.0
1437,47.0
1438,7.0
1439,69.0
1440,23.0
1441,17.0
1442,12.0
1443,11.0
1444,81.0
1445,46.0
1446,7.0
1447,11.0
1448,89.0
1449,51.0
1450,66.0
1451,50.0
1452,28.0
1453,81.0
1454,25.0
1455,58.0
1456,24.0
1457,88.0
1458,20.0
1459,53.0
1460,2.0
1461,58.0
1462,40.0
1463,96.0
1464,59.0
1465,87.0
1466,64.0
1467,11.0
1468,100.0
1469,88.0
1470,33.0
1471,48.0
1472,94.0
1473,60.0
1474,19.0
1475,94.0
1476,4.0
1477,47.0
1478,65.0
1479,88.0
1480,23.0
1481,80.0
1482,33.0
1483,85.0
1484,73.0
1485,67.0
1486,46.0
1487,74.0
1488,54.0
1489,40.0
1490,62.0
1491,97.0
1492,41.0
1493,41.0
1494,46.0
1495,81.0
1496,49.0
1497,20.0
1498,96.0
1499,88.0
1500,46.0
1501,96.0
1502,84.0
1503,12.0
1504,17.0
1505,66.0
1506,19.0
1507,18.0
1508,88.0
1509,32.0
1510,5.0
1511,28.0
1512,48.0
1513,40.0
1514,95.0
1515,77.0
1516,4.0
1517,8.0
1518,27.0
1519,75.0
1520,48.0
1521,20.0
1522,96.0
1523,33.0
1524,11.0
1525,52.0
1526,18.0
1527,47.0
1528,96.0
1529,46.0
1530,33.0
1531,26.0
1532,47.0
1533,66.0
1534,52.0
1535,18.0
1536,6.0
1537,49.0
1538,16.0
1539,52.0
1540,99.0
1541,15.0
1542,22.0
1543,16.0
1544,69.0
1545,80.0
1546,52.0
1547,47.0
1548,59.0
1549,25.0
1550,12.0
1551,7.0
1552,24.0
1553,53.0
1554,10.0
1555,37.0
1556,81.0
1557,39.0
1558,2.0
1559,29.0
1560,88.0
1561,17.0
1562,7.0
1563,6.0
1564,59.0
1565,82.0
1566,15.0
1567,37.0
1568,40.0
1569,52.0
1570,94.0
1571,91.0
1572,81.0
1573,82.0
1574,60.0
1575,59.0
1576,95.0
1577,74.0
1578,26.0
1579,87.0
1580,31.0
1581,10.0
1582,67.0
1583,31.0
1584,46.0
1585,5.0
1586,29.0
1587,88.0
1588,20.0
1589,53.0
1590,45.0
1591,89.0
1592,6.0
1593,66.0
1594,12.0
1595,50.0
1596,95.0
1597,50.0
1598,15.0
1599,87.0
1600,27.0
1601,22.0
1602,7.0
1603,7.0
1604,78.0
1605,7.0
1606,51.0
1607,59.0
1608,26.0
1609,21.0
1610,26.0
1611,68.0
1612,46.0
1613,17.0
1614,61.0
1615,88.0
1616,26.0
1617,52.0
1618,8.0
1619,46.0
1620,40.0
1621,71.0
1622,45.0
1623,14.0
1624,9.0
1625,84.0
1626,82.0
1627,46.0
1628,53.0
1629,60.0
1630,52.0
1631,18.0
1632,30.0
1633,33.0
1634,49.0
1635,95.0
1636,90.0
1637,67.0
1638,31.0
1639,83.0
1640,30.0
1641,12.0
1642,4.0
1643,81.0
1644,72.0
1645,36.0
1646,80.0
1647,68.0
1648,11.0
1649,46.0
1650,21.0
1651,4.0
1652,21.0
1653,45.0
1654,40.0
1655,68.0
1656,31.0
1657,56.0
1658,60.0
1659,82.0
1660,68.0
1661,39.0
1662,18.0
1663,19.0
1664,10.0
1665,36.0
1666,18.0
1667,53.0
1668,7.0
1669,8.0
1670,88.0
1671,87.0
1672,58.0
1673,39.0
1674,57.0
1675,88.0
1676,27.0
1677,27.0
1678,53.0
1679,26.0
1680,55.0
1681,33.0
1682,40.0
1683,7.0
1684,25.0
1685,73.0
1686,40.0
1687,21.0
1688,87.0
1689,39.0
1690,47.0
1691,4.0
1692,32.0
1693,47.0
1694,45.0
1695,25.0
1696,17.0
1697,61.0
1698,67.0
1699,12.0
1700,73.0
1701,52.0
1702,99.0
1703,69.0
1704,60.0
1705,66.0
1706,17.0
1707,73.0
1708,72.0
1709,56.0
1710,43.0
1711,34.0
1712,12.0
1713,30.0
1714,40.0
1715,73.0
1716,35.0
1717,10.0
1718,10.0
1719,23.0
1720,24.0
1721,43.0
1722,67.0
1723,29.0
1724,60.0
1725,31.0
1726,85.0
1727,95.0
1728,35.0
1729,46.0
1730,2.0
1731,15.0
1732,34.0
1733,38.0
1734,21.0
1735,74.0
1736,28.0
1737,7.0
1738,29.0
1739,89.0
1740,12.0
1741,27.0
1742,48.0
1743,5.0
1744,52.0
1745,74.0
1746,73.0
1747,84.0
1748,32.0
1749,68.0
1750,51.0
1751,31.0
1752,12.0
1753,59.0
1754,4.0
1755,66.0
1756,19.0
1757,75.0
1758,81.0
1759,18.0
1760,59.0
1761,42.0
1762,47.0
1763,46.0
1764,40.0
1765,22.0
1766,24.0
1767,36.0
1768,33.0
1769,24.0
1770,75.0
1771,45.0
1772,94.0
1773,61.0
1774,46.0
1775,24.0
1776,58.0
1777,24.0
1778,35.0
1779,29.0
1780,24.0
1781,31.0
1782,40.0
1783,16.0
1784,60.0
1785,87.0
1786,7.0
1787,49.0
1788,57.0
1789,23.0
1790,74.0
1791,27.0
1792,81.0
1793,94.0
1794,100.0
1795,23.0
1796,74.0
1797,9.0
1798,30.0
1799,7.0
1800,42.0
1801,56.0
1802,48.0
1803,9.0
1804,49.0
1805,96.0
1806,28.0
1807,66.0
1808,31.0
1809,29.0
1810,5.0
1811,67.0
1812,90.0
1813,62.0
1814,82.0
1815,5.0
1816,68.0
1817,45.0
1818,18.0
1819,31.0
1820,82.0
1821,68.0
1822,10.0
1823,75.0
1824,42.0
1825,82.0
1826,73.0
1827,32.0
1828,51.0
1829,38.0
1830,2.0
1831,18.0
1832,5.0
1833,10.0
1834,7.0
1835,88.0
1836,34.0
1837,5.0
1838,61.0
1839,57.0
1840,7.0
1841,39.0
1842,40.0
1843,66.0
1844,75.0
1845,55.0
1846,2.0
1847,82.0
1848,40.0
1849,21.0
1850,5.0
1851,74.0
1852,87.0
1853,4.0
1854,15.0
1855,49.0
1856,67.0
1857,74.0
1858,59.0
1859,91.0
1860,2.0
1861,44.0
1862,40.0
1863,35.0
1864,68.0
1865,37.0
1866,47.0
1867,16.0
1868,73.0
1869,9.0
1870,95.0
1871,61.0
1872,74.0
1873,19.0
1874,61.0
1875,74.0
1876,34.0
1877,32.0
1878,73.0
1879,96.0
1880,59.0
1881,49.0
1882,73.0
1883,29.0
1884,99.0
1885,81.0
1886,9.0
1887,59.0
1888,61.0
1889,75.0
1890,8.0
1891,42.0
1892,87.0
1893,19.0
1894,24.0
1895,95.0
1896,47.0
1897,34.0
1898,45.0
1899,27.0
1900,7.0
1901,97.0
1902,52.0
1903,24.0
1904,32.0
1905,53.0
1906,89.0
1907,5.0
1908,21.0
1909,93.0
1910,34.0
1911,67.0
1912,60.0
1913,53.0
1914,96.0
1915,59.0
1916,98.0
1917,80.0
1918,81.0
1919,47.0
1920,39.0
1921,29.0
1922,39.0
1923,84.0
1924,19.0
1925,89.0
1926,50.0
1927,66.0
1928,56.0
1929,38.0
1930,71.0
1931,4.0
1932,85.0
1933,77.0
1934,4.0
1935,27.0
1936,30.0
1937,69.0
1938,82.0
1939,59.0
1940,100.0
1941,60.0
1942,42.0
1943,6.0
1944,6.0
1945,48.0
1946,19.0
1947,13.0
1948,57.0
1949,61.0
1950,53.0
1951,69.0
1952,79.0
1953,68.0
1954,67.0
1955,63.0
1956,38.0
1957,60.0
1958,23.0
1959,50.0
1960,47.0
1961,32.0
1962,6.0
1963,73.0
1964,39.0
1965,32.0
1966,24.0
1967,15.0
1968,52.0
1969,27.0
1970,7.0
1971,94.0
1972,36.0
1973,95.0
1974,52.0
1975,73.0
1976,82.0
1977,89.0
1978,15.0
1979,97.0
1980,37.0
1981,59.0
1982,45.0
1983,28.0
1984,87.0
1985,73.0
1986,4.0
1987,76.0
1988,29.0
1989,67.0
1990,37.0
1991,97.0
1992,57.0
1993,67.0
1994,93.0
1995,81.0
1996,47.0
1997,4.0
1998,61.0
1999,27.0
2000,38.0
2001,19.0
2002,94.0
2003,19.0
2004,84.0
2005,96.0
2006,32.0
2007,96.0
2008,89.0
2009,7.0
2010,14.0
2011,28.0
2012,87.0
2013,14.0
2014,74.0
2015,22.0
2016,38.0
2017,37.0
2018,96.0
2019,94.0
2020,2.0
2021,88.0
2022,60.0
2023,48.0
2024,74.0
2025,82.0
2026,32.0
2027,36.0
2028,16.0
2029,2.0
2030,98.0
2031,80.0
2032,23.0
2033,47.0
2034,43.0
2035,59.0
2036,66.0
2037,94.0
2038,15.0
2039,22.0
2040,24.0
2041,80.0
2042,27.0
2043,35.0
2044,9.0
2045,43.0
2046,20.0
2047,95.0
2048,82.0
2049,94.0
2050,87.0
2051,53.0
2052,41.0
2053,62.0
2054,59.0
2055,45.0
2056,74.0
2057,39.0
2058,73.0
2059,53.0
2060,50.0
2061,80.0
2062,8.0
2063,38.0
2064,53.0
2065,39.0
2066,53.0
2067,68.0
2068,28.0
2069,95.0
2070,45.0
2071,35.0
2072,40.0
2073,29.0
2074,99.0
2075,52.0
2076,78.0
2077,9.0
2078,63.0
2079,68.0
2080,27.0
2081,37.0
2082,95.0
2083,29.0
2084,44.0
2085,19.0
2086,13.0
2087,92.0
2088,94.0
2089,43.0
2090,63.0
2091,62.0
2092,24.0
2093,22.0
2094,80.0
2095,82.0
2096,27.0
2097,74.0
2098,36.0
2099,61.0
2100,34.0
2101,95.0
2102,87.0
2103,36.0
2104,88.0
2105,30.0
2106,16.0
2107,87.0
2108,21.0
2109,15.0
2110,96.0
2111,29.0
2112,66.0
2113,14.0
2114,38.0
2115,87.0
2116,13.0
2117,27.0
2118,19.0
2119,42.0
2120,53.0
2121,50.0
2122,68.0
2123,61.0
2124,68.0
2125,55.0
2126,61.0
2127,52.0
2128,38.0
2129,45.0
2130,99.0
2131,40.0
2132,75.0
2133,57.0
2134,42.0
2135,43.0
2136,8.0
2137,88.0
2138,40.0
2139,45.0
2140,68.0
2141,56.0
2142,96.0
2143,36.0
2144,84.0
2145,75.0
2146,51.0
2147,96.0
2148,40.0
2149,48.0
2150,41.0
2151,55.0
2152,9.0
2153,77.0
2154,16.0
2155,68.0
2156,77.0
2157,29.0
2158,95.0
2159,49.0
2160,29.0
2161,74.0
2162,29.0
2163,95.0
2164,44.0
2165,88.0
2166,58.0
2167,44.0
2168,95.0
2169,8.0
2170,21.0
2171,69.0
2172,70.0
2173,66.0
2174,73.0
2175,30.0
2176,80.0
2177,39.0
2178,82.0
2179,15.0
2180,28.0
2181,40.0
2182,53.0
2183,43.0
2184,76.0
2185,40.0
2186,37.0
2187,30.0
2188,44.0
2189,6.0
2190,74.0
2191,90.0
2192,86.0
2193,7.0
2194,86.0
2195,66.0
2196,39.0
2197,49.0
2198,97.0
2199,40.0
2200,93.0
2201,45.0
2202,16.0
2203,98.0
2204,57.0
2205,44.0
2206,36.0
2207,80.0
2208,80.0
2209,23.0
2210,73.0
2211,20.0
2212,66.0
2213,7.0
2214,61.0
2215,58.0
2216,58.0
2217,41.0
2218,35.0
2219,23.0
2220,65.0
2221,6.0
2222,66.0
2223,35.0
2224,39.0
2225,58.0
2226,68.0
2227,66.0
2228,72.0
2229,36.0
2230,20.0
2231,43.0
2232,8.0
2233,8.0
2234,41.0
2235,14.0
2236,88.0
2237,21.0
2238,83.0
2239,75.0
2240,99.0
2241,14.0
2242,74.0
2243,61.0
2244,68.0
2245,30.0
2246,44.0
2247,75.0
2248,89.0
2249,61.0
2250,80.0
2251,38.0
2252,9.0
2253,8.0
2254,8.0
2255,98.0
2256,14.0
2257,88.0
2258,29.0
2259,28.0
2260,56.0
2261,14.0
2262,21.0
2263,80.0
2264,91.0
2265,7.0
2266,40.0
2267,21.0
2268,41.0
2269,16.0
2270,14.0
2271,23.0
2272,37.0
2273,45.0
2274,79.0
2275,7.0
2276,28.0
2277,16.0
2278,28.0
2279,40.0
2280,82.0
2281,16.0
2282,16.0
2283,50.0
2284,64.0
2285,21.0
2286,39.0
2287,61.0
2288,68.0
2289,61.0
2290,61.0
2291,30.0
2292,45.0
2293,82.0
2294,45.0
2295,49.0
2296,15.0
2297,55.0
2298,89.0
2299,13.0
2300,85.0
2301,45.0
2302,75.0
2303,22.0
2304,93.0
2305,39.0
2306,6.0
2307,23.0
2308,49.0
2309,58.0
2310,21.0
2311,48.0
2312,70.0
2313,41.0
2314,39.0
2315,35.0
2316,57.0
2317,29.0
2318,61.0
2319,14.0
2320,23.0
2321,13.0
2322,29.0
2323,68.0
2324,82.0
2325,15.0
2326,21.0
2327,35.0
2328,75.0
2329,78.0
2330,92.0
2331,84.0
2332,14.0
2333,30.0
2334,7.0
2335,29.0
2336,58.0
2337,41.0
2338,7.0
2339,90.0
2340,100.0
2341,13.0
2342,30.0
2343,44.0
2344,100.0
2345,6.0
2346,39.0
2347,45.0
2348,75.0
2349,39.0
2350,6.0
2351,44.0
2352,30.0
2353,35.0
2354,39.0
2355,38.0
2356,6.0
2357,44.0
2358,48.0
2359,79.0
2360,84.0
2361,82.0
2362,7.0
2363,35.0
2364,35.0
2365,89.0
2366,89.0
2367,56.0
2368,15.0
2369,75.0
2370,15.0
2371,20.0
2372,35.0
2373,89.0
2374,9.0
2375,100.0
2376,37.0
2377,72.0
2378,20.0
2379,2.0
2380,22.0
2381,16.0
2382,2.0
2383,38.0
2384,72.0
2385,7.0
2386,56.0
2387,70.0
2388,77.0
2389,30.0
2390,44.0
2391,14.0
2392,51.0
2393,83.0
2394,15.0
2395,92.0
2396,20.0
2397,42.0
2398,78.0
2399,89.0
2400,9.0
2401,20.0
2402,9.0
2403,9.0
2404,2.0
2405,42.0
2406,63.0
2407,71.0
2408,41.0
2409,7.0
2410,89.0
2411,89.0
2412,8.0
2413,15.0
2414,92.0
2415,72.0
2416,57.0
2417,51.0
2418,78.0
2419,76.0
2420,79.0
2421,38.0
2422,72.0
2423,72.0
2424,70.0
2425,56.0
2426,27.0
2427,50.0
2428,9.0
2429,38.0
2430,36.0
2431,42.0
2432,21.0
2433,56.0
2434,13.0
2435,14.0
2436,48.0
2437,97.0
2438,55.0
2439,35.0
2440,55.0
2441,22.0
2442,13.0
2443,29.0
2444,9.0
2445,20.0
2446,50.0
2447,35.0
2448,27.0
2449,6.0
2450,58.0
2451,62.0
2452,89.0
2453,13.0
2454,38.0
2455,48.0
2456,29.0
2457,41.0
2458,58.0
2459,89.0
2460,89.0
2461,2.0
2462,64.0
2463,16.0
2464,29.0
2465,28.0
2466,37.0
2467,71.0
2468,21.0
2469,79.0
2470,8.0
2471,79.0
2472,69.0
2473,51.0
2474,29.0
2475,7.0
2476,9.0
2477,27.0
2478,98.0
2479,58.0
2480,76.0
2481,29.0
2482,86.0
2483,85.0
2484,20.0
2485,28.0
2486,16.0
2487,2.0
2488,27.0
2489,48.0
2490,93.0
2491,13.0
2492,15.0
2493,76.0
2494,28.0
2495,57.0
2496,84.0
2497,27.0
2498,27.0
2499,14.0
2500,16.0
2501,77.0
2502,20.0
2503,37.0
2504,20.0
2505,16.0
2506,55.0
2507,16.0
2508,55.0
2509,9.0
2510,9.0
2511,9.0
2512,30.0
2513,34.0
2514,16.0
2515,29.0
2516,44.0
2517,21.0
2518,77.0
2519,2.0
2520,36.0
2521,58.0
2522,9.0
2523,13.0
2524,7.0
2525,29.0
2526,14.0
2527,42.0
2528,14.0
2529,64.0
2530,77.0
2531,22.0
2532,2.0
2533,41.0
2534,41.0
2535,37.0
2536,6.0
2537,91.0
2538,65.0
2539,14.0
2540,9.0
2541,14.0
2542,77.0
2543,28.0
2544,28.0
2545,6.0
2546,22.0
2547,8.0
2548,28.0
2549,41.0
2550,41.0
2551,20.0
2552,65.0
2553,6.0
2554,49.0
2555,6.0
2556,71.0
2557,50.0
2558,34.0
2559,78.0
2560,48.0
2561,16.0
2562,70.0
2563,49.0
2564,14.0
2565,58.0
2566,21.0
2567,9.0
2568,20.0
2569,44.0
2570,21.0
2571,22.0
2572,21.0
2573,13.0
2574,8.0
2575,42.0
2576,86.0
2577,71.0
2578,41.0
2579,83.0
2580,83.0
2581,37.0
2582,14.0
2583,55.0
2584,27.0
2585,98.0
2586,20.0
2587,37.0
2588,13.0
2589,62.0
2590,55.0
2591,9.0
2592,49.0
2593,9.0
2594,28.0
2595,22.0
2596,64.0
2597,79.0
2598,37.0
2599,41.0
2600,8.0
2601,42.0
2602,51.0
2603,83.0
2604,28.0
2605,44.0
2606,14.0
2607,85.0
2608,16.0
2609,72.0
2610,28.0
2611,71.0
2612,92.0
2613,9.0
2614,58.0
2615,13.0
2616,48.0
2617,36.0
2618,21.0
2619,6.0
2620,79.0
2621,8.0
2622,21.0
2623,16.0
2624,6.0
2625,36.0
2626,43.0
2627,37.0
2628,92.0
2629,83.0
2630,79.0
2631,57.0
2632,93.0
2633,90.0
2634,48.0
2635,76.0
2636,55.0
2637,30.0
2638,21.0
2639,70.0
2640,8.0
2641,63.0
2642,22.0
2643,85.0
2644,86.0
2645,42.0
2646,37.0
2647,6.0
2648,50.0
2649,76.0
2650,55.0
2651,92.0
2652,98.0
2653,20.0
2654,93.0
2655,6.0
2656,9.0
2657,8.0
2658,15.0
2659,84.0
2660,44.0
2661,42.0
2662,44.0
2663,41.0
2664,57.0
2665,64.0
2666,35.0
2667,85.0
2668,51.0
2669,83.0
2670,44.0
2671,41.0
2672,65.0
2673,15.0
2674,34.0
2675,100.0
2676,100.0
2677,50.0
2678,44.0
2679,44.0
2680,20.0
2681,71.0
2682,97.0
2683,13.0
2684,51.0
2685,44.0
2686,37.0
2687,97.0
2688,97.0
2689,48.0
2690,84.0
2691,92.0
2692,58.0
2693,28.0
2694,90.0
2695,28.0
2696,56.0
2697,43.0
2698,55.0
2699,28.0
2700,50.0
2701,100.0
2702,98.0
2703,44.0
2704,42.0
2705,36.0
2706,21.0
2707,99.0
2708,70.0
2709,6.0
2710,72.0
2711,13.0
2712,20.0
2713,48.0
2714,15.0
2715,100.0
2716,57.0
2717,6.0
2718,71.0
2719,20.0
2720,51.0
2721,63.0
2722,86.0
2723,58.0
2724,79.0
2725,15.0
2726,20.0
2727,28.0
2728,78.0
2729,28.0
2730,86.0
2731,22.0
2732,30.0
2733,62.0
2734,79.0
2735,28.0
2736,36.0
2737,92.0
2738,56.0
2739,51.0
2740,20.0
2741,34.0
2742,97.0
2743,43.0
2744,64.0
2745,90.0
2746,35.0
2747,58.0
2748,78.0
2749,63.0
2750,35.0
2751,28.0
2752,98.0
2753,85.0
2754,70.0
2755,84.0
2756,48.0
2757,93.0
2758,86.0
2759,92.0
2760,22.0
2761,65.0
2762,35.0
2763,44.0
2764,83.0
2765,56.0
2766,15.0
2767,84.0
2768,28.0
2769,28.0
2770,28.0
2771,86.0
2772,91.0
2773,8.0
2774,90.0
2775,62.0
2776,22.0
2777,62.0
2778,42.0
2779,15.0
2780,36.0
2781,34.0
2782,79.0
2783,34.0
2784,55.0
2785,76.0
2786,57.0
2787,99.0
2788,72.0
2789,76.0
2790,44.0
2791,20.0
2792,72.0
2793,42.0
2794,57.0
2795,48.0
2796,83.0
2797,100.0
2798,63.0
2799,99.0
2800,35.0
2801,43.0
2802,44.0
2803,37.0
2804,35.0
2805,21.0
2806,15.0
2807,51.0
2808,49.0
2809,30.0
2810,34.0
2811,44.0
2812,44.0
2813,44.0
2814,34.0
2815,20.0
2816,62.0
2817,58.0
2818,22.0
2819,84.0
2820,8.0
2821,55.0
2822,42.0
2823,15.0
2824,51.0
2825,49.0
2826,34.0
2827,50.0
2828,21.0
2829,8.0
2830,41.0
2831,65.0
2832,72.0
2833,57.0
2834,84.0
2835,13.0
2836,85.0
2837,93.0
2838,8.0
2839,35.0
2840,77.0
2841,63.0
2842,36.0
2843,20.0
2844,20.0
2845,64.0
2846,71.0
2847,36.0
2848,13.0
2849,83.0
2850,6.0
2851,42.0
2852,43.0
2853,91.0
2854,13.0
2855,8.0
2856,49.0
2857,30.0
2858,30.0
2859,20.0
2860,56.0
2861,20.0
2862,69.0
2863,41.0
2864,43.0
2865,72.0
2866,6.0
2867,35.0
2868,86.0
2869,64.0
2870,83.0
2871,50.0
2872,62.0
2873,90.0
2874,85.0
2875,92.0
2876,49.0
2877,41.0
2878,21.0
2879,70.0
2880,72.0
2881,100.0
2882,48.0
2883,8.0
2884,91.0
2885,34.0
2886,34.0
2887,57.0
2888,22.0
2889,76.0
2890,42.0
2891,22.0
2892,6.0
2893,13.0
2894,13.0
2895,41.0
2896,48.0
2897,44.0
2898,86.0
2899,43.0
2900,76.0
2901,64.0
2902,30.0
2903,22.0
2904,43.0
2905,99.0
2906,72.0
2907,13.0
2908,13.0
2909,43.0
2910,62.0
2911,77.0
2912,92.0
2913,42.0
2914,77.0
2915,8.0
2916,48.0
2917,93.0
2918,21.0
2919,70.0
2920,50.0
2921,98.0
2922,13.0
2923,83.0
2924,99.0
2925,21.0
2926,35.0
2927,65.0
2928,72.0
2929,44.0
2930,83.0
2931,8.0
2932,42.0
2933,43.0
2934,76.0
2935,70.0
2936,50.0
2937,58.0
2938,92.0
2939,13.0
2940,79.0
2941,41.0
2942,78.0
2943,13.0
2944,44.0
2945,43.0
2946,63.0
2947,8.0
2948,65.0
2949,43.0
2950,34.0
2951,6.0
2952,22.0
2953,42.0
2954,71.0
2955,50.0
2956,37.0
2957,42.0
2958,44.0
2959,85.0
2960,51.0
2961,42.0
2962,22.0
2963,86.0
2964,49.0
2965,83.0
2966,76.0
2967,90.0
2968,43.0
2969,79.0
2970,30.0
2971,49.0
2972,91.0
2973,21.0
2974,34.0
2975,93.0
2976,51.0
2977,98.0
2978,69.0
2979,13.0
2980,93.0
2981,57.0
2982,13.0
2983,99.0
2984,78.0
2985,6.0
2986,8.0
2987,63.0
2988,99.0
2989,36.0
2990,34.0
2991,6.0
2992,8.0
2993,93.0
2994,63.0
2995,35.0
2996,78.0
2997,34.0
2998,42.0
2999,98.0
3000,64.0
3001,63.0
3002,51.0
3003,58.0
3004,30.0
3005,51.0
3006,65.0
3007,37.0
3008,35.0
3009,6.0
3010,42.0
3011,71.0
3012,58.0
3013,64.0
3014,6.0
3015,50.0
3016,6.0
3017,91.0
3018,79.0
3019,85.0
3020,90.0
3021,21.0
3022,100.0
3023,36.0
3024,6.0
3025,92.0
3026,76.0
3027,64.0
3028,93.0
3029,58.0
3030,92.0
3031,58.0
3032,37.0
3033,41.0
3034,65.0
3035,55.0
3036,77.0
3037,97.0
3038,92.0
3039,92.0
3040,84.0
3041,78.0
3042,100.0
3043,56.0
3044,51.0
3045,64.0
3046,34.0
3047,63.0
3048,70.0
3049,85.0
3050,41.0
3051,79.0
3052,90.0
3053,77.0
3054,56.0
3055,91.0
3056,69.0
3057,99.0
3058,85.0
3059,41.0
3060,83.0
3061,37.0
3062,91.0
3063,97.0
3064,63.0
3065,97.0
3066,76.0
3067,84.0
3068,62.0
3069,71.0
3070,41.0
3071,58.0
3072,93.0
3073,83.0
3074,90.0
3075,49.0
3076,98.0
3077,98.0
3078,79.0
3079,49.0
3080,99.0
3081,69.0
3082,55.0
3083,65.0
3084,57.0
3085,98.0
3086,93.0
3087,62.0
3088,78.0
3089,65.0
3090,65.0
3091,70.0
3092,77.0
3093,99.0
3094,85.0
3095,100.0
3096,76.0
3097,79.0
3098,86.0
3099,83.0
3100,84.0
3101,51.0
3102,70.0
3103,76.0
3104,51.0
3105,64.0
3106,35.0
3107,42.0
3108,91.0
3109,78.0
3110,57.0
3111,71.0
3112,21.0
3113,69.0
3114,91.0
3115,85.0
3116,57.0
3117,30.0
3118,50.0
3119,37.0
3120,58.0
3121,72.0
3122,97.0
3123,77.0
3124,90.0
3125,98.0
3126,99.0
3127,76.0
3128,98.0
3129,42.0
3130,92.0
3131,55.0
3132,63.0
3133,76.0
3134,83.0
3135,99.0
3136,50.0
3137,72.0
3138,77.0
3139,50.0
3140,79.0
3141,90.0
3142,41.0
3143,97.0
3144,41.0
3145,91.0
3146,51.0
3147,62.0
3148,70.0
3149,57.0
3150,65.0
3151,72.0
3152,64.0
3153,56.0
3154,69.0
3155,51.0
3156,91.0
3157,79.0
3158,57.0
3159,62.0
3160,99.0
3161,100.0
3162,62.0
3163,63.0
3164,43.0
3165,86.0
3166,92.0
3167,83.0
3168,69.0
3169,84.0
3170,78.0
3171,71.0
3172,64.0
3173,90.0
3174,70.0
3175,85.0
3176,84.0
3177,55.0
3178,93.0
3179,98.0
3180,86.0
3181,100.0
3182,57.0
3183,65.0
3184,100.0
3185,21.0
3186,78.0
3187,85.0
3188,62.0
3189,57.0
3190,70.0
3191,37.0
3192,55.0
3193,91.0
3194,57.0
3195,98.0
3196,86.0
3197,51.0
3198,92.0
3199,64.0
3200,72.0
3201,92.0
3202,79.0
3203,100.0
3204,99.0
3205,83.0
3206,55.0
3207,30.0
3208,90.0
3209,56.0
3210,93.0
3211,62.0
3212,100.0
3213,86.0
3214,86.0
3215,83.0
3216,71.0
3217,77.0
3218,57.0
3219,55.0
3220,83.0
3221,90.0
3222,63.0
3223,69.0
3224,51.0
3225,92.0
3226,93.0
3227,91.0
3228,70.0
3229,85.0
3230,72.0
3231,84.0
3232,55.0
3233,97.0
3234,98.0
3235,55.0
3236,30.0
3237,55.0
3238,99.0
3239,99.0
3240,56.0
3241,51.0
3242,76.0
3243,62.0
3244,70.0
3245,51.0
3246,98.0
3247,64.0
3248,78.0
3249,72.0
3250,50.0
3251,100.0
3252,83.0
3253,97.0
3254,100.0
3255,56.0
3256,79.0
3257,57.0
3258,92.0
3259,84.0
3260,79.0
3261,63.0
3262,30.0
3263,65.0
3264,71.0
3265,70.0
3266,51.0
3267,62.0
3268,85.0
3269,90.0
3270,36.0
3271,99.0
3272,64.0
3273,77.0
3274,85.0
3275,79.0
3276,97.0
3277,90.0
3278,62.0
3279,69.0
3280,37.0
3281,63.0
3282,51.0
3283,76.0
3284,63.0
3285,76.0
3286,84.0
3287,72.0
3288,50.0
3289,100.0
3290,78.0
3291,90.0
3292,65.0
3293,34.0
3294,71.0
3295,84.0
3296,69.0
3297,76.0
3298,86.0
3299,85.0
3300,93.0
3301,98.0
3302,71.0
3303,72.0
3304,76.0
3305,50.0
3306,93.0
3307,50.0
3308,42.0
3309,70.0
3310,83.0
3311,36.0
3312,98.0
3313,77.0
3314,91.0
3315,36.0
3316,86.0
3317,90.0
3318,99.0
3319,36.0
3320,64.0
3321,65.0
3322,77.0
3323,71.0
3324,92.0
3325,62.0
3326,91.0
3327,37.0
3328,72.0
3329,97.0
3330,63.0
3331,56.0
3332,65.0
3333,85.0
3334,99.0
3335,92.0
3336,71.0
3337,78.0
3338,83.0
3339,76.0
3340,86.0
3341,69.0
3342,37.0
3343,72.0
3344,98.0
3345,62.0
3346,64.0
3347,71.0
3348,37.0
3349,79.0
3350,34.0
3351,85.0
3352,83.0
3353,64.0
3354,86.0
3355,84.0
3356,64.0
3357,90.0
3358,93.0
3359,62.0
3360,71.0
3361,97.0
3362,70.0
3363,78.0
3364,62.0
3365,79.0
3366,97.0
3367,72.0
3368,98.0
3369,34.0
3370,83.0
3371,99.0
3372,84.0
3373,63.0
3374,91.0
3375,72.0
3376,97.0
3377,85.0
3378,69.0
3379,70.0
3380,93.0
3381,78.0
3382,93.0
3383,65.0
3384,91.0
3385,86.0
3386,77.0
3387,56.0
3388,98.0
3389,79.0
3390,65.0
3391,90.0
3392,92.0
3393,70.0
3394,65.0
3395,100.0
3396,63.0
3397,84.0
3398,34.0
3399,65.0
3400,72.0
3401,83.0
3402,72.0
3403,76.0
3404,70.0
3405,34.0
3406,83.0
3407,56.0
3408,77.0
3409,70.0
3410,85.0
3411,92.0
3412,97.0
3413,93.0
3414,79.0
3415,97.0
3416,76.0
3417,99.0
3418,34.0
3419,90.0
3420,62.0
3421,91.0
3422,36.0
3423,72.0
3424,56.0
3425,69.0
3426,77.0
3427,69.0
3428,90.0
3429,93.0
3430,63.0
3431,71.0
3432,64.0
3433,98.0
3434,63.0
3435,78.0
3436,98.0
3437,90.0
3438,56.0
3439,85.0
3440,79.0
3441,65.0
3442,83.0
3443,83.0
3444,79.0
3445,77.0
3446,92.0
3447,99.0
3448,97.0
3449,71.0
3450,72.0
3451,84.0
3452,69.0
3453,83.0
3454,56.0
3455,63.0
3456,64.0
3457,92.0
3458,63.0
3459,83.0
3460,91.0
3461,85.0
3462,79.0
3463,99.0
3464,70.0
3465,85.0
3466,78.0
3467,93.0
3468,62.0
3469,77.0
3470,71.0
3471,99.0
3472,56.0
3473,84.0
3474,86.0
3475,79.0
3476,69.0
3477,71.0
3478,76.0
3479,69.0
3480,83.0
3481,70.0
3482,69.0
3483,98.0
3484,100.0
3485,78.0
3486,84.0
3487,83.0
3488,78.0
3489,85.0
3490,90.0
3491,64.0
3492,77.0
3493,62.0
3494,97.0
3495,76.0
3496,86.0
3497,91.0
3498,79.0
3499,100.0
3500,72.0
3501,65.0
3502,76.0
3503,90.0
3504,93.0
3505,70.0
3506,98.0
3507,64.0
3508,92.0
3509,63.0
3510,100.0
3511,86.0
3512,85.0
3513,71.0
3514,83.0
3515,84.0
3516,93.0
3517,99.0
3518,65.0
3519,62.0
3520,70.0
3521,36.0
3522,65.0
3523,76.0
3524,72.0
3525,78.0
3526,90.0
3527,100.0
3528,84.0
3529,65.0
3530,98.0
3531,69.0
3532,71.0
3533,72.0
3534,86.0
3535,91.0
3536,93.0
3537,99.0
3538,83.0
3539,93.0
3540,90.0
3541,84.0
3542,78.0
3543,93.0
3544,97.0
3545,76.0
3546,92.0
3547,98.0
3548,84.0
3549,63.0
3550,65.0
3551,70.0
3552,62.0
3553,71.0
3554,77.0
3555,91.0
3556,70.0
3557,64.0
3558,83.0
3559,69.0
3560,86.0
3561,78.0
3562,99.0
3563,36.0
3564,72.0
3565,84.0
3566,77.0
3567,79.0
3568,92.0
3569,62.0
3570,100.0
3571,76.0
3572,83.0
3573,91.0
3574,71.0
3575,97.0
3576,63.0
3577,92.0
3578,65.0
3579,93.0
3580,86.0
3581,36.0
3582,64.0
3583,72.0
3584,70.0
3585,72.0
3586,65.0
3587,63.0
3588,97.0
3589,98.0
3590,77.0
3591,79.0
3592,99.0
3593,92.0
3594,69.0
3595,83.0
3596,85.0
3597,91.0
3598,71.0
3599,72.0
3600,78.0
3601,92.0
3602,86.0
3603,99.0
3604,90.0
3605,64.0
3606,97.0
3607,91.0
3608,63.0
3609,83.0
3610,100.0
3611,36.0
3612,70.0
3613,79.0
3614,77.0
3615,85.0
3616,97.0
3617,98.0
3618,78.0
3619,71.0
3620,72.0
3621,2.0
3622,5.0
3623,12.0
3624,13.0
3625,17.0
3626,19.0
3627,29.0
3628,30.0
3629,31.0
3630,33.0
3631,36.0
3632,38.0
3633,42.0
3634,44.0
3635,47.0
3636,49.0
3637,55.0
3638,61.0
3639,74.0
3640,79.0
3641,84.0
3642,86.0
3643,91.0
3644,97.0
3645,98.0
3646,99.0
3647,3.0
3648,8.0
3649,10.0
3650,16.0
3651,18.0
3652,22.0
3653,39.0
3654,46.0
3655,50.0
3656,51.0
3657,52.0
3658,54.0
3659,57.0
3660,58.0
3661,59.0
3662,62.0
3663,70.0
3664,75.0
3665,77.0
3666,78.0
3667,82.0
3668,87.0
3669,89.0
3670,93.0
3671,95.0
3672,7.0
3673,15.0
3674,19.0
3675,20.0
3676,23.0
3677,25.0
3678,26.0
3679,34.0
3680,37.0
3681,43.0
3682,49.0
3683,60.0
3684,64.0
3685,65.0
3686,66.0
3687,68.0
3688,69.0
3689,76.0
3690,90.0
3691,97.0
3692,4.0
3693,5.0
3694,12.0
3695,24.0
3696,27.0
3697,28.0
3698,31.0
3699,35.0
3700,38.0
3701,40.0
3702,46.0
3703,47.0
3704,48.0
3705,63.0
3706,72.0
3707,77.0
3708,79.0
3709,82.0
3710,84.0
3711,88.0
3712,92.0
3713,93.0
3714,95.0
3715,96.0
3716,100.0
3717,2.0
3718,3.0
3719,6.0
3720,16.0
3721,18.0
3722,21.0
3723,23.0
3724,25.0
3725,26.0
3726,29.0
3727,30.0
3728,32.0
3729,33.0
3730,41.0
3731,44.0
3732,45.0
3733,53.0
3734,56.0
3735,67.0
3736,71.0
3737,73.0
3738,78.0
3739,80.0
3740,81.0
3741,85.0
3742,86.0
3743,89.0
3744,98.0
3745,1.0
3746,9.0
3747,10.0
3748,17.0
3749,22.0
3750,36.0
3751,37.0
3752,42.0
3753,50.0
3754,51.0
3755,58.0
3756,62.0
3757,66.0
3758,75.0
3759,76.0
3760,83.0
3761,90.0
3762,92.0
3763,94.0
3764,96.0
3765,99.0
3766,2.0
3767,7.0
3768,13.0
3769,14.0
3770,18.0
3771,23.0
3772,24.0
3773,35.0
3774,39.0
3775,44.0
3776,52.0
3777,53.0
3778,56.0
3779,57.0
3780,64.0
3781,69.0
3782,73.0
3783,74.0
3784,81.0
3785,87.0
3786,89.0
3787,91.0
3788,93.0
3789,4.0
3790,5.0
3791,8.0
3792,11.0
3793,15.0
3794,19.0
3795,28.0
3796,31.0
3797,41.0
3798,43.0
3799,46.0
3800,48.0
3801,60.0
3802,61.0
3803,68.0
3804,71.0
3805,72.0
3806,77.0
3807,80.0
3808,82.0
3809,90.0
3810,95.0
3811,98.0
3812,99.0
3813,100.0
3814,3.0
3815,14.0
3816,20.0
3817,21.0
3818,26.0
3819,27.0
3820,29.0
3821,32.0
3822,38.0
3823,54.0
3824,55.0
3825,62.0
3826,63.0
3827,65.0
3828,69.0
3829,75.0
3830,78.0
3831,79.0
3832,84.0
3833,86.0
3834,88.0
3835,4.0
3836,9.0
3837,12.0
3838,24.0
3839,25.0
3840,34.0
3841,39.0
3842,43.0
3843,44.0
3844,47.0
3845,58.0
3846,59.0
3847,61.0
3848,67.0
3849,70.0
3850,83.0
3851,90.0
3852,96.0
3853,97.0
3854,3.0
3855,6.0
3856,10.0
3857,16.0
3858,17.0
3859,18.0
3860,22.0
3861,30.0
3862,33.0
3863,36.0
3864,40.0
3865,42.0
3866,45.0
3867,49.0
3868,56.0
3869,57.0
3870,60.0
3871,62.0
3872,64.0
3873,66.0
3874,74.0
3875,76.0
3876,77.0
3877,81.0
3878,87.0
3879,89.0
3880,92.0
3881,93.0
3882,95.0
3883,2.0
3884,7.0
3885,12.0
3886,14.0
3887,15.0
3888,27.0
3889,31.0
3890,35.0
3891,46.0
3892,51.0
3893,52.0
3894,65.0
3895,71.0
3896,73.0
3897,75.0
3898,79.0
3899,82.0
3900,98.0
3901,100.0
3902,5.0
3903,9.0
3904,17.0
3905,20.0
3906,23.0
3907,30.0
3908,32.0
3909,37.0
3910,48.0
3911,50.0
3912,55.0
3913,59.0
3914,61.0
3915,63.0
3916,78.0
3917,80.0
3918,84.0
3919,85.0
3920,86.0
3921,88.0
3922,91.0
3923,93.0
3924,94.0
3925,96.0
3926,1.0
3927,11.0
3928,16.0
3929,21.0
3930,25.0
3931,34.0
3932,35.0
3933,38.0
3934,41.0
3935,43.0
3936,44.0
3937,47.0
3938,54.0
3939,60.0
3940,67.0
3941,69.0
3942,72.0
3943,76.0
3944,87.0
3945,97.0
3946,4.0
3947,10.0
3948,12.0
3949,13.0
3950,14.0
3951,15.0
3952,18.0
3953,24.0
3954,26.0
3955,33.0
3956,39.0
3957,40.0
3958,42.0
3959,45.0
3960,46.0
3961,48.0
3962,53.0
3963,55.0
3964,56.0
3965,57.0
3966,61.0
3967,68.0
3968,73.0
3969,74.0
3970,77.0
3971,83.0
3972,89.0
3973,90.0
3974,92.0
3975,95.0
3976,98.0
3977,99.0
3978,2.0
3979,3.0
3980,6.0
3981,8.0
3982,17.0
3983,19.0
3984,25.0
3985,27.0
3986,28.0
3987,29.0
3988,30.0
3989,49.0
3990,50.0
3991,58.0
3992,62.0
3993,65.0
3994,70.0
3995,71.0
3996,85.0
3997,91.0
3998,94.0
3999,96.0
4000,5.0
4001,7.0
4002,9.0
4003,10.0
4004,22.0
4005,26.0
4006,31.0
4007,36.0
4008,37.0
4009,43.0
4010,45.0
4011,48.0
4012,51.0
4013,59.0
4014,64.0
4015,66.0
4016,68.0
4017,76.0
4018,78.0
4019,82.0
4020,84.0
4021,88.0
4022,93.0
4023,100.0
4024,11.0
4025,12.0
4026,16.0
4027,20.0
4028,23.0
4029,24.0
4030,25.0
4031,32.0
4032,35.0
4033,38.0
4034,41.0
4035,47.0
4036,52.0
4037,56.0
4038,58.0
4039,60.0
4040,67.0
4041,72.0
4042,79.0
4043,81.0
4044,90.0
4045,91.0
4046,97.0
4047,99.0
4048,3.0
4049,8.0
4050,14.0
4051,15.0
4052,19.0
4053,21.0
4054,36.0
4055,40.0
4056,44.0
4057,46.0
4058,51.0
4059,54.0
4060,55.0
4061,61.0
4062,63.0
4063,64.0
4064,66.0
4065,68.0
4066,69.0
4067,70.0
4068,71.0
4069,73.0
4070,74.0
4071,75.0
4072,83.0
4073,86.0
4074,95.0
4075,100.0
4076,2.0
4077,4.0
4078,5.0
4079,12.0
4080,27.0
4081,28.0
4082,42.0
4083,45.0
4084,50.0
4085,53.0
4086,65.0
4087,72.0
4088,76.0
4089,80.0
4090,87.0
4091,92.0
4092,94.0
4093,96.0
4094,98.0
4095,1.0
4096,9.0
4097,11.0
4098,17.0
4099,22.0
4100,29.0
4101,31.0
4102,34.0
4103,51.0
4104,59.0
4105,60.0
4106,62.0
4107,74.0
4108,77.0
4109,78.0
4110,81.0
4111,85.0
4112,86.0
4113,88.0
4114,89.0
4115,93.0
4116,97.0
4117,100.0
4118,6.0
4119,7.0
4120,13.0
4121,16.0
4122,19.0
4123,25.0
4124,26.0
4125,28.0
4126,32.0
4127,37.0
4128,39.0
4129,40.0
4130,43.0
4131,47.0
4132,50.0
4133,53.0
4134,57.0
4135,61.0
4136,67.0
4137,70.0
4138,73.0
4139,83.0
4140,3.0
4141,9.0
4142,14.0
4143,18.0
4144,21.0
4145,23.0
4146,27.0
4147,33.0
4148,41.0
4149,46.0
4150,49.0
4151,52.0
4152,58.0
4153,59.0
4154,63.0
4155,68.0
4156,79.0
4157,84.0
4158,87.0
4159,5.0
4160,7.0
4161,8.0
4162,10.0
4163,11.0
4164,12.0
4165,16.0
4166,20.0
4167,24.0
4168,30.0
4169,31.0
4170,36.0
4171,38.0
4172,42.0
4173,44.0
4174,48.0
4175,54.0
4176,56.0
4177,61.0
4178,62.0
4179,64.0
4180,65.0
4181,69.0
4182,71.0
4183,72.0
4184,75.0
4185,80.0
4186,82.0
4187,93.0
4188,95.0
4189,97.0
4190,99.0
4191,2.0
4192,29.0
4193,34.0
4194,35.0
4195,45.0
4196,51.0
4197,59.0
4198,60.0
4199,63.0
4200,66.0
4201,77.0
4202,85.0
4203,86.0
4204,88.0
4205,89.0
4206,90.0
4207,91.0
4208,92.0
4209,98.0
4210,10.0
4211,15.0
4212,16.0
4213,17.0
4214,18.0
4215,19.0
4216,25.0
4217,26.0
4218,32.0
4219,36.0
4220,40.0
4221,47.0
4222,48.0
4223,50.0
4224,53.0
4225,55.0
4226,62.0
4227,68.0
4228,70.0
4229,74.0
4230,75.0
4231,78.0
4232,82.0
4233,83.0
4234,93.0
4235,94.0
4236,96.0
4237,99.0
4238,5.0
4239,6.0
4240,8.0
4241,9.0
4242,13.0
4243,14.0
4244,21.0
4245,22.0
4246,27.0
4247,37.0
4248,38.0
4249,39.0
4250,43.0
4251,46.0
4252,51.0
4253,57.0
4254,58.0
4255,64.0
4256,72.0
4257,76.0
4258,81.0
4259,85.0
4260,92.0
4261,97.0
4262,100.0
4263,1.0
4264,4.0
4265,12.0
4266,17.0
4267,23.0
4268,26.0
4269,42.0
4270,44.0
4271,49.0
4272,54.0
4273,61.0
4274,62.0
4275,65.0
4276,69.0
4277,74.0
4278,79.0
4279,83.0
4280,84.0
4281,90.0
4282,7.0
4283,8.0
4284,11.0
4285,15.0
4286,20.0
4287,28.0
4288,29.0
4289,30.0
4290,31.0
4291,32.0
4292,33.0
4293,35.0
4294,40.0
4295,41.0
4296,52.0
4297,56.0
4298,60.0
4299,63.0
4300,67.0
4301,68.0
4302,71.0
4303,78.0
4304,80.0
4305,87.0
4306,88.0
4307,89.0
4308,91.0
4309,93.0
4310,98.0
4311,99.0
4312,2.0
4313,3.0
4314,14.0
4315,16.0
4316,19.0
4317,21.0
4318,24.0
4319,48.0
4320,59.0
4321,64.0
4322,66.0
4323,73.0
4324,75.0
4325,77.0
4326,92.0
4327,94.0
4328,95.0
4329,100.0
4330,5.0
4331,10.0
4332,18.0
4333,23.0
4334,25.0
4335,27.0
4336,28.0
4337,31.0
4338,32.0
4339,36.0
4340,40.0
4341,44.0
4342,45.0
4343,47.0
4344,53.0
4345,54.0
4346,58.0
4347,65.0
4348,70.0
4349,81.0
4350,82.0
4351,86.0
4352,88.0
4353,96.0
4354,4.0
4355,11.0
4356,13.0
4357,14.0
4358,16.0
4359,17.0
4360,22.0
4361,26.0
4362,35.0
4363,37.0
4364,39.0
4365,43.0
4366,46.0
4367,49.0
4368,60.0
4369,62.0
4370,69.0
4371,84.0
4372,85.0
4373,89.0
4374,97.0
4375,100.0
4376,1.0
4377,7.0
4378,9.0
4379,15.0
4380,18.0
4381,32.0
4382,33.0
4383,34.0
4384,42.0
4385,45.0
4386,50.0
4387,55.0
4388,61.0
4389,76.0
4390,78.0
4391,79.0
4392,90.0
4393,6.0
4394,11.0
4395,17.0
4396,19.0
4397,21.0
4398,24.0
4399,38.0
4400,44.0
4401,51.0
4402,52.0
4403,57.0
4404,66.0
4405,67.0
4406,70.0
4407,72.0
4408,77.0
4409,80.0
4410,82.0
4411,83.0
4412,84.0
4413,87.0
4414,88.0
4415,91.0
4416,92.0
4417,94.0
4418,98.0
4419,3.0
4420,4.0
4421,8.0
4422,9.0
4423,10.0
4424,12.0
4425,13.0
4426,20.0
4427,29.0
4428,35.0
4429,36.0
4430,39.0
4431,40.0
4432,41.0
4433,43.0
4434,47.0
4435,48.0
4436,50.0
4437,56.0
4438,58.0
4439,60.0
4440,64.0
4441,65.0
4442,69.0
4443,74.0
4444,75.0
4445,86.0
4446,89.0
4447,93.0
4448,96.0
4449,2.0
4450,5.0
4451,6.0
4452,14.0
4453,15.0
4454,22.0
4455,23.0
4456,25.0
4457,26.0
4458,27.0
4459,30.0
4460,31.0
4461,34.0
4462,37.0
4463,45.0
4464,46.0
4465,54.0
4466,63.0
4467,66.0
4468,71.0
4469,79.0
4470,82.0
4471,83.0
4472,95.0
4473,97.0
4474,7.0
4475,8.0
4476,16.0
4477,19.0
4478,32.0
4479,41.0
4480,50.0
4481,51.0
4482,53.0
4483,55.0
4484,59.0
4485,61.0
4486,67.0
4487,68.0
4488,70.0
4489,73.0
4490,78.0
4491,84.0
4492,85.0
4493,92.0
4494,99.0
4495,1.0
4496,5.0
4497,9.0
4498,10.0
4499,18.0
4500,24.0
4501,31.0
4502,34.0
4503,42.0
4504,43.0
4505,44.0
4506,48.0
4507,54.0
4508,57.0
4509,64.0
4510,76.0
4511,77.0
4512,81.0
4513,90.0
4514,96.0
4515,98.0
4516,100.0
4517,4.0
4518,8.0
4519,11.0
4520,12.0
4521,13.0
4522,16.0
4523,28.0
4524,29.0
4525,30.0
4526,36.0
4527,38.0
4528,39.0
4529,40.0
4530,47.0
4531,49.0
4532,56.0
4533,62.0
4534,65.0
4535,69.0
4536,72.0
4537,75.0
4538,78.0
4539,88.0
4540,93.0
4541,94.0
4542,6.0
4543,10.0
4544,14.0
4545,15.0
4546,17.0
4547,20.0
4548,21.0
4549,25.0
4550,27.0
4551,32.0
4552,35.0
4553,46.0
4554,52.0
4555,60.0
4556,68.0
4557,71.0
4558,74.0
4559,79.0
4560,80.0
4561,89.0
4562,96.0
4563,3.0
4564,7.0
4565,11.0
4566,22.0
4567,23.0
4568,24.0
4569,26.0
4570,29.0
4571,33.0
4572,37.0
4573,38.0
4574,41.0
4575,42.0
4576,45.0
4577,49.0
4578,51.0
4579,55.0
4580,58.0
4581,63.0
4582,67.0
4583,70.0
4584,72.0
4585,83.0
4586,84.0
4587,85.0
4588,86.0
4589,87.0
4590,90.0
4591,93.0
4592,95.0
4593,100.0
4594,2.0
4595,5.0
4596,9.0
4597,13.0
4598,15.0
4599,19.0
4600,27.0
4601,30.0
4602,32.0
4603,34.0
4604,43.0
4605,47.0
4606,48.0
4607,50.0
4608,59.0
4609,61.0
4610,62.0
4611,71.0
4612,76.0
4613,77.0
4614,88.0
4615,91.0
4616,97.0
4617,99.0
4618,1.0
4619,3.0
4620,14.0
4621,18.0
4622,23.0
4623,26.0
4624,28.0
4625,31.0
4626,35.0
4627,40.0
4628,42.0
4629,44.0
4630,51.0
4631,53.0
4632,54.0
4633,55.0
4634,56.0
4635,58.0
4636,63.0
4637,64.0
4638,66.0
4639,67.0
4640,79.0
4641,81.0
4642,82.0
4643,85.0
4644,87.0
4645,92.0
4646,94.0
4647,98.0
4648,10.0
4649,20.0
4650,24.0
4651,25.0
4652,29.0
4653,33.0
4654,39.0
4655,68.0
4656,70.0
4657,73.0
4658,74.0
4659,75.0
4660,84.0
4661,93.0
4662,96.0
4663,99.0
4664,7.0
4665,8.0
4666,11.0
4667,16.0
4668,17.0
4669,22.0
4670,34.0
4671,36.0
4672,37.0
4673,38.0
4674,47.0
4675,49.0
4676,54.0
4677,59.0
4678,60.0
4679,65.0
4680,66.0
4681,69.0
4682,72.0
4683,76.0
4684,83.0
4685,86.0
4686,87.0
4687,89.0
4688,91.0
4689,94.0
4690,2.0
4691,3.0
4692,12.0
4693,23.0
4694,28.0
4695,30.0
4696,41.0
4697,46.0
4698,50.0
4699,52.0
4700,55.0
4701,56.0
4702,57.0
4703,68.0
4704,70.0
4705,71.0
4706,77.0
4707,78.0
4708,81.0
4709,88.0
4710,90.0
4711,97.0
4712,100.0
4713,1.0
4714,4.0
4715,8.0
4716,9.0
4717,14.0
4718,15.0
4719,18.0
4720,19.0
4721,21.0
4722,24.0
4723,27.0
4724,43.0
4725,44.0
4726,48.0
4727,51.0
4728,58.0
4729,59.0
4730,61.0
4731,67.0
4732,69.0
4733,82.0
4734,85.0
4735,92.0
4736,95.0
4737,5.0
4738,6.0
4739,10.0
4740,20.0
4741,25.0
4742,32.0
4743,35.0
4744,37.0
4745,38.0
4746,40.0
4747,45.0
4748,53.0
4749,62.0
4750,63.0
4751,64.0
4752,80.0
4753,84.0
4754,91.0
4755,96.0
4756,98.0
4757,99.0
4758,19.0
4759,23.0
4760,31.0
4761,34.0
4762,36.0
4763,39.0
4764,42.0
4765,46.0
4766,49.0
4767,54.0
4768,57.0
4769,58.0
4770,61.0
4771,65.0
4772,66.0
4773,71.0
4774,79.0
4775,83.0
4776,85.0
4777,88.0
4778,94.0
4779,3.0
4780,7.0
4781,8.0
4782,11.0
4783,13.0
4784,14.0
4785,16.0
4786,21.0
4787,22.0
4788,25.0
4789,26.0
4790,27.0
4791,28.0
4792,29.0
4793,32.0
4794,33.0
4795,37.0
4796,41.0
4797,51.0
4798,52.0
4799,53.0
4800,56.0
4801,60.0
4802,74.0
4803,75.0
4804,76.0
4805,77.0
4806,81.0
4807,86.0
4808,87.0
4809,89.0
4810,91.0
4811,97.0
4812,12.0
4813,17.0
4814,18.0
4815,34.0
4816,38.0
4817,39.0
4818,45.0
4819,48.0
4820,62.0
4821,73.0
4822,88.0
4823,90.0
4824,92.0
4825,93.0
4826,94.0
4827,95.0
4828,100.0
4829,1.0
4830,6.0
4831,9.0
4832,26.0
4833,30.0
4834,32.0
4835,35.0
4836,40.0
4837,43.0
4838,46.0
4839,47.0
4840,52.0
4841,55.0
4842,56.0
4843,57.0
4844,61.0
4845,64.0
4846,65.0
4847,72.0
4848,80.0
4849,82.0
4850,84.0
4851,96.0
4852,98.0
4853,2.0
4854,13.0
4855,20.0
4856,23.0
4857,24.0
4858,29.0
4859,31.0
4860,42.0
4861,44.0
4862,50.0
4863,58.0
4864,63.0
4865,66.0
4866,67.0
4867,68.0
4868,70.0
4869,71.0
4870,74.0
4871,75.0
4872,78.0
4873,88.0
4874,91.0
4875,99.0
4876,3.0
4877,4.0
4878,5.0
4879,6.0
4880,8.0
4881,11.0
4882,14.0
4883,15.0
4884,16.0
4885,17.0
4886,27.0
4887,33.0
4888,36.0
4889,49.0
4890,52.0
4891,54.0
4892,55.0
4893,59.0
4894,65.0
4895,81.0
4896,84.0
4897,85.0
4898,97.0
4899,7.0
4900,10.0
4901,12.0
4902,21.0
4903,24.0
4904,25.0
4905,28.0
4906,29.0
4907,34.0
4908,39.0
4909,43.0
4910,50.0
4911,60.0
4912,62.0
4913,69.0
4914,72.0
4915,73.0
4916,75.0
4917,77.0
4918,79.0
4919,87.0
4920,90.0
4921,92.0
4922,95.0
4923,96.0
4924,98.0
4925,1.0
4926,6.0
4927,8.0
4928,9.0
4929,13.0
4930,22.0
4931,26.0
4932,31.0
4933,32.0
4934,36.0
4935,37.0
4936,41.0
4937,44.0
4938,53.0
4939,64.0
4940,74.0
4941,82.0
4942,83.0
4943,86.0
4944,97.0
4945,100.0
4946,11.0
4947,15.0
4948,18.0
4949,19.0
4950,25.0
4951,33.0
4952,38.0
4953,42.0
4954,51.0
4955,54.0
4956,55.0
4957,57.0
4958,63.0
4959,65.0
4960,75.0
4961,76.0
4962,81.0
4963,84.0
4964,87.0
4965,88.0
4966,89.0
4967,91.0
4968,94.0
4969,96.0
4970,98.0
4971,3.0
4972,4.0
4973,6.0
4974,9.0
4975,16.0
4976,17.0
4977,20.0
4978,21.0
4979,24.0
4980,27.0
4981,29.0
4982,30.0
4983,31.0
4984,35.0
4985,43.0
4986,45.0
4987,47.0
4988,48.0
4989,56.0
4990,58.0
4991,59.0
4992,61.0
4993,64.0
4994,67.0
4995,70.0
4996,73.0
4997,78.0
4998,79.0
4999,80.0
