family_id,assigned_day,pref
0,52.0,0.0
1,26.0,0.0
2,100.0,0.0
3,2.0,0.0
4,53.0,0.0
5,32.0,0.0
6,88.0,0.0
7,25.0,0.0
8,18.0,0.0
9,1.0,0.0
10,96.0,0.0
11,19.0,0.0
12,52.0,0.0
13,54.0,0.0
14,45.0,0.0
15,22.0,0.0
16,46.0,0.0
17,47.0,0.0
18,75.0,0.0
19,3.0,0.0
20,3.0,0.0
21,56.0,0.0
22,61.0,0.0
23,19.0,0.0
24,75.0,0.0
25,16.0,0.0
26,58.0,0.0
27,38.0,0.0
28,81.0,0.0
29,89.0,0.0
30,68.0,0.0
31,74.0,0.0
32,24.0,0.0
33,32.0,0.0
34,46.0,0.0
35,31.0,0.0
36,47.0,0.0
37,15.0,0.0
38,13.0,0.0
39,10.0,0.0
40,25.0,0.0
41,31.0,0.0
42,81.0,0.0
43,11.0,0.0
44,49.0,0.0
45,5.0,0.0
46,15.0,0.0
47,45.0,0.0
48,32.0,0.0
49,33.0,0.0
50,67.0,0.0
51,28.0,0.0
52,33.0,0.0
53,37.0,0.0
54,94.0,0.0
55,91.0,0.0
56,12.0,0.0
57,31.0,0.0
58,74.0,0.0
59,39.0,0.0
60,1.0,0.0
61,18.0,0.0
62,1.0,0.0
63,31.0,0.0
64,3.0,0.0
65,47.0,0.0
66,1.0,0.0
67,1.0,0.0
68,89.0,0.0
69,5.0,0.0
70,32.0,0.0
71,11.0,0.0
72,66.0,0.0
73,10.0,0.0
74,82.0,0.0
75,53.0,0.0
76,46.0,0.0
77,20.0,0.0
78,52.0,0.0
79,1.0,0.0
80,18.0,0.0
81,17.0,0.0
82,32.0,0.0
83,88.0,0.0
84,9.0,0.0
85,54.0,0.0
86,29.0,0.0
87,25.0,0.0
88,57.0,0.0
89,23.0,0.0
90,54.0,0.0
91,17.0,0.0
92,85.0,0.0
93,5.0,0.0
94,47.0,0.0
95,24.0,0.0
96,75.0,0.0
97,96.0,0.0
98,3.0,0.0
99,39.0,0.0
100,39.0,0.0
101,53.0,0.0
102,31.0,0.0
103,68.0,0.0
104,47.0,0.0
105,12.0,0.0
106,34.0,0.0
107,12.0,0.0
108,34.0,0.0
109,17.0,0.0
110,67.0,0.0
111,68.0,0.0
112,60.0,0.0
113,18.0,0.0
114,15.0,0.0
115,22.0,0.0
116,77.0,0.0
117,94.0,0.0
118,69.0,0.0
119,4.0,0.0
120,56.0,0.0
121,17.0,0.0
122,24.0,0.0
123,95.0,0.0
124,14.0,0.0
125,47.0,0.0
126,3.0,0.0
127,2.0,0.0
128,56.0,0.0
129,17.0,0.0
130,16.0,0.0
131,11.0,0.0
132,76.0,0.0
133,54.0,0.0
134,18.0,0.0
135,5.0,0.0
136,88.0,0.0
137,82.0,0.0
138,59.0,0.0
139,89.0,0.0
140,61.0,0.0
141,89.0,0.0
142,26.0,0.0
143,38.0,0.0
144,28.0,0.0
145,18.0,0.0
146,64.0,0.0
147,28.0,0.0
148,63.0,0.0
149,61.0,0.0
150,60.0,0.0
151,3.0,0.0
152,88.0,0.0
153,3.0,0.0
154,25.0,0.0
155,100.0,0.0
156,95.0,0.0
157,87.0,0.0
158,13.0,0.0
159,3.0,0.0
160,40.0,0.0
161,47.0,0.0
162,68.0,0.0
163,84.0,0.0
164,18.0,0.0
165,1.0,0.0
166,14.0,0.0
167,95.0,0.0
168,19.0,0.0
169,67.0,0.0
170,12.0,0.0
171,24.0,0.0
172,21.0,0.0
173,68.0,0.0
174,94.0,0.0
175,17.0,0.0
176,52.0,0.0
177,74.0,0.0
178,80.0,0.0
179,26.0,0.0
180,40.0,0.0
181,7.0,0.0
182,94.0,0.0
183,17.0,0.0
184,4.0,0.0
185,80.0,0.0
186,50.0,0.0
187,43.0,0.0
188,10.0,0.0
189,1.0,0.0
190,9.0,0.0
191,54.0,0.0
192,77.0,0.0
193,12.0,0.0
194,95.0,0.0
195,55.0,0.0
196,26.0,0.0
197,59.0,0.0
198,81.0,0.0
199,51.0,0.0
200,26.0,0.0
201,47.0,0.0
202,23.0,0.0
203,38.0,0.0
204,67.0,0.0
205,1.0,0.0
206,28.0,0.0
207,47.0,0.0
208,1.0,0.0
209,9.0,0.0
210,23.0,0.0
211,67.0,0.0
212,10.0,0.0
213,52.0,0.0
214,31.0,0.0
215,1.0,0.0
216,43.0,0.0
217,5.0,0.0
218,38.0,0.0
219,68.0,0.0
220,1.0,0.0
221,17.0,0.0
222,36.0,0.0
223,60.0,0.0
224,4.0,0.0
225,61.0,0.0
226,59.0,0.0
227,49.0,0.0
228,87.0,0.0
229,48.0,0.0
230,57.0,0.0
231,48.0,0.0
232,47.0,0.0
233,87.0,0.0
234,82.0,0.0
235,53.0,0.0
236,37.0,0.0
237,3.0,0.0
238,19.0,0.0
239,14.0,0.0
240,33.0,0.0
241,60.0,0.0
242,60.0,0.0
243,89.0,0.0
244,39.0,0.0
245,4.0,0.0
246,50.0,0.0
247,66.0,0.0
248,33.0,0.0
249,75.0,0.0
250,1.0,0.0
251,75.0,0.0
252,1.0,0.0
253,73.0,0.0
254,18.0,0.0
255,12.0,0.0
256,93.0,0.0
257,74.0,0.0
258,92.0,0.0
259,60.0,0.0
260,25.0,0.0
261,67.0,0.0
262,32.0,0.0
263,48.0,0.0
264,11.0,0.0
265,11.0,0.0
266,32.0,0.0
267,18.0,0.0
268,39.0,0.0
269,30.0,0.0
270,67.0,0.0
271,73.0,0.0
272,43.0,0.0
273,38.0,0.0
274,8.0,0.0
275,15.0,0.0
276,32.0,0.0
277,3.0,0.0
278,54.0,0.0
279,38.0,0.0
280,89.0,0.0
281,22.0,0.0
282,17.0,0.0
283,73.0,0.0
284,20.0,0.0
285,66.0,0.0
286,54.0,0.0
287,47.0,0.0
288,63.0,0.0
289,66.0,0.0
290,25.0,0.0
291,80.0,0.0
292,66.0,0.0
293,67.0,0.0
294,46.0,0.0
295,10.0,0.0
296,39.0,0.0
297,48.0,0.0
298,19.0,0.0
299,32.0,0.0
300,5.0,0.0
301,45.0,0.0
302,4.0,0.0
303,27.0,0.0
304,86.0,0.0
305,58.0,0.0
306,2.0,0.0
307,1.0,0.0
308,47.0,0.0
309,19.0,0.0
310,89.0,0.0
311,59.0,0.0
312,43.0,0.0
313,17.0,0.0
314,39.0,0.0
315,45.0,0.0
316,53.0,0.0
317,25.0,0.0
318,49.0,0.0
319,10.0,0.0
320,7.0,0.0
321,1.0,0.0
322,82.0,0.0
323,48.0,0.0
324,33.0,0.0
325,1.0,0.0
326,26.0,0.0
327,46.0,0.0
328,10.0,0.0
329,19.0,0.0
330,82.0,0.0
331,17.0,0.0
332,10.0,0.0
333,23.0,0.0
334,22.0,0.0
335,68.0,0.0
336,89.0,0.0
337,24.0,0.0
338,74.0,0.0
339,45.0,0.0
340,1.0,0.0
341,58.0,0.0
342,54.0,0.0
343,89.0,0.0
344,23.0,0.0
345,66.0,0.0
346,1.0,0.0
347,59.0,0.0
348,1.0,0.0
349,19.0,0.0
350,96.0,0.0
351,27.0,0.0
352,93.0,0.0
353,25.0,0.0
354,87.0,0.0
355,53.0,0.0
356,33.0,0.0
357,25.0,0.0
358,11.0,0.0
359,90.0,0.0
360,55.0,0.0
361,87.0,0.0
362,81.0,0.0
363,12.0,0.0
364,99.0,0.0
365,4.0,0.0
366,3.0,0.0
367,17.0,0.0
368,26.0,0.0
369,45.0,0.0
370,13.0,0.0
371,26.0,0.0
372,96.0,0.0
373,61.0,0.0
374,75.0,0.0
375,6.0,0.0
376,26.0,0.0
377,82.0,0.0
378,25.0,0.0
379,4.0,0.0
380,73.0,0.0
381,27.0,0.0
382,48.0,0.0
383,12.0,0.0
384,3.0,0.0
385,29.0,0.0
386,66.0,0.0
387,39.0,0.0
388,32.0,0.0
389,54.0,0.0
390,40.0,0.0
391,75.0,0.0
392,60.0,0.0
393,36.0,0.0
394,11.0,0.0
395,8.0,0.0
396,75.0,0.0
397,52.0,0.0
398,37.0,0.0
399,5.0,0.0
400,3.0,0.0
401,52.0,0.0
402,25.0,0.0
403,17.0,0.0
404,48.0,0.0
405,54.0,0.0
406,3.0,0.0
407,68.0,0.0
408,21.0,0.0
409,81.0,0.0
410,81.0,0.0
411,1.0,0.0
412,25.0,0.0
413,80.0,0.0
414,26.0,0.0
415,24.0,0.0
416,96.0,0.0
417,10.0,0.0
418,32.0,0.0
419,26.0,0.0
420,60.0,0.0
421,87.0,0.0
422,24.0,0.0
423,74.0,0.0
424,4.0,0.0
425,30.0,0.0
426,33.0,0.0
427,24.0,0.0
428,40.0,0.0
429,2.0,0.0
430,66.0,0.0
431,12.0,0.0
432,45.0,0.0
433,1.0,0.0
434,18.0,0.0
435,1.0,0.0
436,11.0,0.0
437,38.0,0.0
438,25.0,0.0
439,1.0,0.0
440,39.0,0.0
441,33.0,0.0
442,29.0,0.0
443,14.0,0.0
444,26.0,0.0
445,74.0,0.0
446,27.0,0.0
447,19.0,0.0
448,82.0,0.0
449,18.0,0.0
450,60.0,0.0
451,33.0,0.0
452,87.0,0.0
453,33.0,0.0
454,11.0,0.0
455,1.0,0.0
456,94.0,0.0
457,70.0,0.0
458,46.0,0.0
459,66.0,0.0
460,30.0,0.0
461,27.0,0.0
462,80.0,0.0
463,18.0,0.0
464,46.0,0.0
465,46.0,0.0
466,36.0,0.0
467,3.0,0.0
468,54.0,0.0
469,93.0,0.0
470,17.0,0.0
471,38.0,0.0
472,1.0,0.0
473,56.0,0.0
474,22.0,0.0
475,33.0,0.0
476,54.0,0.0
477,60.0,0.0
478,5.0,0.0
479,34.0,0.0
480,1.0,0.0
481,13.0,0.0
482,30.0,0.0
483,78.0,0.0
484,26.0,0.0
485,30.0,0.0
486,11.0,0.0
487,26.0,0.0
488,40.0,0.0
489,16.0,0.0
490,28.0,0.0
491,73.0,0.0
492,95.0,0.0
493,16.0,0.0
494,95.0,0.0
495,56.0,0.0
496,3.0,0.0
497,16.0,0.0
498,45.0,0.0
499,46.0,0.0
500,27.0,0.0
501,21.0,0.0
502,56.0,0.0
503,22.0,0.0
504,1.0,0.0
505,16.0,0.0
506,38.0,0.0
507,47.0,0.0
508,35.0,0.0
509,37.0,0.0
510,82.0,0.0
511,43.0,0.0
512,58.0,0.0
513,64.0,0.0
514,3.0,0.0
515,14.0,0.0
516,17.0,0.0
517,60.0,0.0
518,24.0,0.0
519,24.0,0.0
520,4.0,0.0
521,66.0,0.0
522,32.0,0.0
523,4.0,0.0
524,74.0,0.0
525,19.0,0.0
526,59.0,0.0
527,16.0,0.0
528,68.0,0.0
529,25.0,0.0
530,61.0,0.0
531,45.0,0.0
532,4.0,0.0
533,26.0,0.0
534,14.0,0.0
535,12.0,0.0
536,91.0,0.0
537,23.0,0.0
538,83.0,0.0
539,9.0,0.0
540,31.0,0.0
541,60.0,0.0
542,22.0,0.0
543,53.0,0.0
544,12.0,0.0
545,81.0,0.0
546,80.0,0.0
547,60.0,0.0
548,88.0,0.0
549,1.0,0.0
550,73.0,0.0
551,3.0,0.0
552,35.0,0.0
553,45.0,0.0
554,53.0,0.0
555,10.0,0.0
556,26.0,0.0
557,94.0,0.0
558,18.0,0.0
559,47.0,0.0
560,18.0,0.0
561,20.0,0.0
562,89.0,0.0
563,47.0,0.0
564,82.0,0.0
565,91.0,0.0
566,45.0,0.0
567,1.0,0.0
568,80.0,0.0
569,25.0,0.0
570,11.0,0.0
571,98.0,0.0
572,62.0,0.0
573,19.0,0.0
574,88.0,0.0
575,94.0,0.0
576,81.0,0.0
577,31.0,0.0
578,18.0,0.0
579,11.0,0.0
580,49.0,0.0
581,42.0,0.0
582,20.0,0.0
583,1.0,0.0
584,87.0,0.0
585,3.0,0.0
586,67.0,0.0
587,40.0,0.0
588,51.0,0.0
589,82.0,0.0
590,5.0,0.0
591,55.0,0.0
592,40.0,0.0
593,23.0,0.0
594,1.0,0.0
595,19.0,0.0
596,88.0,0.0
597,81.0,0.0
598,47.0,0.0
599,43.0,0.0
600,15.0,0.0
601,2.0,0.0
602,12.0,0.0
603,1.0,0.0
604,15.0,0.0
605,12.0,0.0
606,12.0,0.0
607,81.0,0.0
608,94.0,0.0
609,94.0,0.0
610,1.0,0.0
611,57.0,0.0
612,1.0,0.0
613,96.0,0.0
614,61.0,0.0
615,58.0,0.0
616,44.0,0.0
617,80.0,0.0
618,2.0,0.0
619,42.0,0.0
620,52.0,0.0
621,1.0,0.0
622,99.0,0.0
623,75.0,0.0
624,1.0,0.0
625,1.0,0.0
626,33.0,0.0
627,3.0,0.0
628,1.0,0.0
629,62.0,0.0
630,95.0,0.0
631,10.0,0.0
632,33.0,0.0
633,10.0,0.0
634,24.0,0.0
635,30.0,0.0
636,80.0,0.0
637,40.0,0.0
638,26.0,0.0
639,30.0,0.0
640,43.0,0.0
641,81.0,0.0
642,73.0,0.0
643,12.0,0.0
644,19.0,0.0
645,10.0,0.0
646,48.0,0.0
647,57.0,0.0
648,38.0,0.0
649,65.0,0.0
650,47.0,0.0
651,46.0,0.0
652,16.0,0.0
653,95.0,0.0
654,10.0,0.0
655,73.0,0.0
656,68.0,0.0
657,48.0,0.0
658,35.0,0.0
659,69.0,0.0
660,54.0,0.0
661,31.0,0.0
662,1.0,0.0
663,6.0,0.0
664,24.0,0.0
665,60.0,0.0
666,48.0,0.0
667,81.0,0.0
668,10.0,0.0
669,61.0,0.0
670,18.0,0.0
671,67.0,0.0
672,44.0,0.0
673,17.0,0.0
674,76.0,0.0
675,61.0,0.0
676,4.0,0.0
677,95.0,0.0
678,32.0,0.0
679,23.0,0.0
680,27.0,0.0
681,61.0,0.0
682,15.0,0.0
683,40.0,0.0
684,26.0,0.0
685,46.0,0.0
686,18.0,0.0
687,1.0,0.0
688,88.0,0.0
689,67.0,0.0
690,38.0,0.0
691,8.0,0.0
692,13.0,0.0
693,8.0,0.0
694,96.0,0.0
695,8.0,0.0
696,46.0,0.0
697,85.0,0.0
698,10.0,0.0
699,35.0,0.0
700,14.0,0.0
701,8.0,0.0
702,7.0,0.0
703,66.0,0.0
704,60.0,0.0
705,14.0,0.0
706,95.0,0.0
707,18.0,0.0
708,46.0,0.0
709,39.0,0.0
710,39.0,0.0
711,14.0,0.0
712,1.0,0.0
713,25.0,0.0
714,10.0,0.0
715,33.0,0.0
716,49.0,0.0
717,66.0,0.0
718,31.0,0.0
719,1.0,0.0
720,53.0,0.0
721,45.0,0.0
722,19.0,0.0
723,92.0,0.0
724,81.0,0.0
725,69.0,0.0
726,18.0,0.0
727,3.0,0.0
728,10.0,0.0
729,32.0,0.0
730,17.0,0.0
731,68.0,0.0
732,10.0,0.0
733,1.0,0.0
734,8.0,0.0
735,17.0,0.0
736,80.0,0.0
737,12.0,0.0
738,87.0,0.0
739,65.0,0.0
740,1.0,0.0
741,81.0,0.0
742,99.0,0.0
743,11.0,0.0
744,41.0,0.0
745,25.0,0.0
746,60.0,0.0
747,25.0,0.0
748,46.0,0.0
749,65.0,0.0
750,96.0,0.0
751,54.0,0.0
752,4.0,0.0
753,30.0,0.0
754,36.0,0.0
755,12.0,0.0
756,4.0,0.0
757,73.0,0.0
758,22.0,0.0
759,97.0,0.0
760,23.0,0.0
761,48.0,0.0
762,87.0,0.0
763,17.0,0.0
764,4.0,0.0
765,32.0,0.0
766,16.0,0.0
767,82.0,0.0
768,87.0,0.0
769,94.0,0.0
770,25.0,0.0
771,45.0,0.0
772,12.0,0.0
773,2.0,0.0
774,26.0,0.0
775,99.0,0.0
776,1.0,0.0
777,46.0,0.0
778,3.0,0.0
779,67.0,0.0
780,77.0,0.0
781,9.0,0.0
782,67.0,0.0
783,52.0,0.0
784,75.0,0.0
785,73.0,0.0
786,96.0,0.0
787,6.0,0.0
788,19.0,0.0
789,1.0,0.0
790,59.0,0.0
791,5.0,0.0
792,88.0,0.0
793,100.0,0.0
794,32.0,0.0
795,1.0,0.0
796,81.0,0.0
797,1.0,0.0
798,45.0,0.0
799,3.0,0.0
800,57.0,0.0
801,17.0,0.0
802,3.0,1.0
803,19.0,0.0
804,57.0,0.0
805,11.0,1.0
806,49.0,0.0
807,31.0,0.0
808,52.0,0.0
809,2.0,0.0
810,69.0,0.0
811,75.0,0.0
812,95.0,0.0
813,53.0,0.0
814,27.0,0.0
815,88.0,1.0
816,54.0,0.0
817,53.0,0.0
818,4.0,0.0
819,32.0,0.0
820,33.0,0.0
821,36.0,0.0
822,34.0,0.0
823,35.0,0.0
824,60.0,0.0
825,89.0,0.0
826,28.0,0.0
827,5.0,0.0
828,80.0,0.0
829,70.0,0.0
830,36.0,0.0
831,8.0,0.0
832,41.0,0.0
833,46.0,1.0
834,56.0,0.0
835,17.0,0.0
836,31.0,0.0
837,87.0,0.0
838,94.0,0.0
839,12.0,0.0
840,24.0,0.0
841,10.0,0.0
842,69.0,0.0
843,88.0,0.0
844,81.0,0.0
845,5.0,0.0
846,47.0,0.0
847,95.0,0.0
848,39.0,0.0
849,50.0,0.0
850,19.0,0.0
851,13.0,0.0
852,31.0,0.0
853,55.0,0.0
854,14.0,0.0
855,51.0,0.0
856,12.0,0.0
857,11.0,0.0
858,60.0,1.0
859,24.0,0.0
860,55.0,0.0
861,57.0,0.0
862,59.0,1.0
863,82.0,0.0
864,4.0,0.0
865,19.0,0.0
866,24.0,0.0
867,3.0,0.0
868,33.0,0.0
869,11.0,0.0
870,53.0,0.0
871,94.0,0.0
872,11.0,0.0
873,5.0,0.0
874,23.0,0.0
875,82.0,0.0
876,5.0,0.0
877,49.0,0.0
878,4.0,0.0
879,65.0,0.0
880,53.0,0.0
881,41.0,0.0
882,47.0,0.0
883,82.0,1.0
884,33.0,0.0
885,6.0,0.0
886,81.0,0.0
887,83.0,0.0
888,25.0,0.0
889,99.0,0.0
890,65.0,0.0
891,95.0,1.0
892,17.0,1.0
893,63.0,0.0
894,78.0,0.0
895,11.0,0.0
896,29.0,0.0
897,67.0,1.0
898,26.0,0.0
899,81.0,0.0
900,73.0,0.0
901,7.0,0.0
902,33.0,0.0
903,19.0,0.0
904,24.0,0.0
905,5.0,0.0
906,73.0,0.0
907,34.0,0.0
908,95.0,0.0
909,52.0,0.0
910,46.0,0.0
911,10.0,0.0
912,68.0,0.0
913,59.0,1.0
914,94.0,0.0
915,55.0,1.0
916,81.0,0.0
917,60.0,0.0
918,11.0,1.0
919,68.0,0.0
920,26.0,0.0
921,31.0,0.0
922,95.0,0.0
923,96.0,0.0
924,43.0,0.0
925,71.0,0.0
926,33.0,0.0
927,74.0,1.0
928,40.0,0.0
929,18.0,0.0
930,2.0,0.0
931,35.0,0.0
932,12.0,0.0
933,73.0,1.0
934,38.0,0.0
935,26.0,0.0
936,31.0,0.0
937,27.0,0.0
938,46.0,0.0
939,45.0,0.0
940,31.0,0.0
941,23.0,0.0
942,57.0,0.0
943,82.0,0.0
944,87.0,0.0
945,74.0,0.0
946,54.0,0.0
947,28.0,0.0
948,38.0,0.0
949,86.0,1.0
950,20.0,0.0
951,88.0,0.0
952,54.0,0.0
953,46.0,0.0
954,80.0,0.0
955,63.0,0.0
956,66.0,0.0
957,16.0,0.0
958,24.0,0.0
959,42.0,0.0
960,50.0,0.0
961,53.0,0.0
962,44.0,0.0
963,33.0,0.0
964,75.0,1.0
965,61.0,0.0
966,59.0,0.0
967,40.0,0.0
968,2.0,0.0
969,75.0,1.0
970,97.0,0.0
971,5.0,0.0
972,90.0,0.0
973,82.0,0.0
974,44.0,0.0
975,61.0,1.0
976,18.0,0.0
977,54.0,0.0
978,59.0,0.0
979,4.0,0.0
980,38.0,0.0
981,12.0,0.0
982,14.0,1.0
983,96.0,0.0
984,2.0,0.0
985,44.0,0.0
986,82.0,0.0
987,87.0,0.0
988,11.0,0.0
989,62.0,1.0
990,50.0,0.0
991,75.0,0.0
992,54.0,0.0
993,46.0,0.0
994,39.0,0.0
995,35.0,0.0
996,57.0,0.0
997,50.0,0.0
998,3.0,0.0
999,80.0,0.0
1000,25.0,0.0
1001,25.0,0.0
1002,46.0,0.0
1003,29.0,0.0
1004,45.0,0.0
1005,31.0,0.0
1006,95.0,0.0
1007,12.0,1.0
1008,73.0,0.0
1009,75.0,0.0
1010,46.0,0.0
1011,24.0,0.0
1012,67.0,0.0
1013,11.0,0.0
1014,52.0,0.0
1015,17.0,1.0
1016,17.0,0.0
1017,5.0,0.0
1018,16.0,0.0
1019,75.0,0.0
1020,60.0,0.0
1021,75.0,0.0
1022,73.0,0.0
1023,60.0,0.0
1024,24.0,0.0
1025,71.0,0.0
1026,18.0,0.0
1027,54.0,0.0
1028,13.0,0.0
1029,41.0,0.0
1030,59.0,0.0
1031,94.0,0.0
1032,5.0,0.0
1033,52.0,0.0
1034,17.0,0.0
1035,40.0,0.0
1036,25.0,0.0
1037,66.0,0.0
1038,94.0,0.0
1039,66.0,0.0
1040,23.0,0.0
1041,96.0,0.0
1042,15.0,0.0
1043,16.0,0.0
1044,68.0,0.0
1045,73.0,0.0
1046,54.0,0.0
1047,15.0,0.0
1048,17.0,0.0
1049,31.0,0.0
1050,81.0,0.0
1051,59.0,0.0
1052,33.0,1.0
1053,33.0,0.0
1054,31.0,0.0
1055,81.0,0.0
1056,27.0,0.0
1057,17.0,0.0
1058,40.0,0.0
1059,40.0,1.0
1060,23.0,0.0
1061,65.0,0.0
1062,24.0,0.0
1063,25.0,0.0
1064,75.0,0.0
1065,88.0,1.0
1066,2.0,0.0
1067,75.0,0.0
1068,3.0,0.0
1069,25.0,0.0
1070,49.0,0.0
1071,94.0,0.0
1072,59.0,0.0
1073,32.0,0.0
1074,54.0,0.0
1075,52.0,1.0
1076,26.0,0.0
1077,14.0,0.0
1078,54.0,0.0
1079,59.0,0.0
1080,18.0,0.0
1081,25.0,0.0
1082,80.0,1.0
1083,96.0,0.0
1084,89.0,0.0
1085,31.0,0.0
1086,20.0,0.0
1087,22.0,0.0
1088,88.0,0.0
1089,60.0,0.0
1090,91.0,0.0
1091,56.0,0.0
1092,33.0,0.0
1093,67.0,0.0
1094,19.0,0.0
1095,19.0,0.0
1096,26.0,0.0
1097,55.0,0.0
1098,16.0,0.0
1099,59.0,0.0
1100,67.0,0.0
1101,68.0,0.0
1102,12.0,0.0
1103,74.0,0.0
1104,3.0,0.0
1105,45.0,0.0
1106,3.0,0.0
1107,75.0,0.0
1108,25.0,0.0
1109,5.0,0.0
1110,12.0,1.0
1111,100.0,0.0
1112,67.0,0.0
1113,18.0,0.0
1114,11.0,0.0
1115,31.0,0.0
1116,74.0,0.0
1117,7.0,1.0
1118,73.0,0.0
1119,34.0,0.0
1120,33.0,0.0
1121,94.0,0.0
1122,64.0,0.0
1123,26.0,0.0
1124,96.0,0.0
1125,26.0,0.0
1126,21.0,0.0
1127,68.0,0.0
1128,14.0,0.0
1129,32.0,1.0
1130,12.0,0.0
1131,24.0,0.0
1132,46.0,0.0
1133,3.0,0.0
1134,59.0,0.0
1135,67.0,0.0
1136,32.0,0.0
1137,3.0,0.0
1138,10.0,0.0
1139,42.0,0.0
1140,52.0,0.0
1141,87.0,0.0
1142,3.0,0.0
1143,87.0,0.0
1144,3.0,0.0
1145,53.0,0.0
1146,81.0,0.0
1147,47.0,0.0
1148,26.0,0.0
1149,59.0,0.0
1150,23.0,0.0
1151,25.0,0.0
1152,19.0,0.0
1153,17.0,0.0
1154,88.0,0.0
1155,75.0,0.0
1156,96.0,0.0
1157,15.0,0.0
1158,39.0,0.0
1159,17.0,0.0
1160,96.0,0.0
1161,60.0,0.0
1162,17.0,0.0
1163,18.0,0.0
1164,46.0,0.0
1165,79.0,0.0
1166,36.0,0.0
1167,61.0,0.0
1168,17.0,0.0
1169,25.0,1.0
1170,16.0,0.0
1171,80.0,0.0
1172,2.0,0.0
1173,88.0,0.0
1174,40.0,0.0
1175,60.0,0.0
1176,54.0,0.0
1177,52.0,0.0
1178,32.0,0.0
1179,69.0,0.0
1180,11.0,0.0
1181,56.0,0.0
1182,11.0,0.0
1183,66.0,0.0
1184,82.0,0.0
1185,52.0,0.0
1186,2.0,0.0
1187,75.0,0.0
1188,4.0,0.0
1189,94.0,0.0
1190,4.0,0.0
1191,75.0,0.0
1192,7.0,0.0
1193,4.0,0.0
1194,47.0,0.0
1195,43.0,0.0
1196,67.0,0.0
1197,5.0,0.0
1198,50.0,0.0
1199,16.0,0.0
1200,16.0,0.0
1201,11.0,0.0
1202,53.0,0.0
1203,87.0,0.0
1204,25.0,0.0
1205,9.0,0.0
1206,33.0,0.0
1207,26.0,0.0
1208,43.0,0.0
1209,74.0,0.0
1210,53.0,1.0
1211,49.0,0.0
1212,88.0,0.0
1213,50.0,0.0
1214,3.0,0.0
1215,94.0,0.0
1216,68.0,0.0
1217,41.0,0.0
1218,11.0,1.0
1219,39.0,0.0
1220,54.0,0.0
1221,80.0,1.0
1222,5.0,0.0
1223,58.0,0.0
1224,8.0,0.0
1225,25.0,0.0
1226,10.0,0.0
1227,18.0,0.0
1228,19.0,0.0
1229,21.0,0.0
1230,40.0,0.0
1231,87.0,0.0
1232,67.0,0.0
1233,45.0,0.0
1234,52.0,0.0
1235,45.0,0.0
1236,82.0,0.0
1237,43.0,0.0
1238,96.0,0.0
1239,50.0,0.0
1240,33.0,0.0
1241,60.0,0.0
1242,14.0,1.0
1243,58.0,0.0
1244,94.0,0.0
1245,10.0,0.0
1246,2.0,0.0
1247,81.0,0.0
1248,39.0,0.0
1249,39.0,0.0
1250,38.0,0.0
1251,29.0,0.0
1252,4.0,0.0
1253,72.0,0.0
1254,37.0,1.0
1255,89.0,0.0
1256,10.0,1.0
1257,88.0,0.0
1258,60.0,0.0
1259,66.0,0.0
1260,38.0,0.0
1261,68.0,1.0
1262,60.0,0.0
1263,91.0,0.0
1264,24.0,1.0
1265,5.0,0.0
1266,37.0,0.0
1267,23.0,0.0
1268,54.0,0.0
1269,66.0,1.0
1270,54.0,0.0
1271,95.0,0.0
1272,89.0,0.0
1273,27.0,0.0
1274,87.0,0.0
1275,5.0,0.0
1276,7.0,0.0
1277,49.0,0.0
1278,82.0,0.0
1279,57.0,0.0
1280,9.0,0.0
1281,76.0,0.0
1282,81.0,0.0
1283,29.0,0.0
1284,2.0,0.0
1285,38.0,0.0
1286,97.0,0.0
1287,11.0,1.0
1288,3.0,0.0
1289,39.0,0.0
1290,52.0,0.0
1291,34.0,0.0
1292,35.0,0.0
1293,12.0,0.0
1294,75.0,0.0
1295,95.0,0.0
1296,3.0,0.0
1297,96.0,0.0
1298,31.0,0.0
1299,11.0,0.0
1300,40.0,0.0
1301,9.0,0.0
1302,27.0,0.0
1303,80.0,0.0
1304,54.0,0.0
1305,5.0,0.0
1306,52.0,0.0
1307,60.0,0.0
1308,58.0,1.0
1309,57.0,0.0
1310,46.0,0.0
1311,45.0,0.0
1312,10.0,0.0
1313,88.0,0.0
1314,26.0,0.0
1315,31.0,0.0
1316,89.0,0.0
1317,26.0,0.0
1318,39.0,0.0
1319,43.0,0.0
1320,54.0,0.0
1321,19.0,1.0
1322,52.0,1.0
1323,96.0,0.0
1324,46.0,0.0
1325,23.0,0.0
1326,25.0,0.0
1327,14.0,0.0
1328,53.0,0.0
1329,5.0,0.0
1330,90.0,0.0
1331,11.0,0.0
1332,82.0,0.0
1333,53.0,0.0
1334,55.0,0.0
1335,89.0,0.0
1336,43.0,0.0
1337,78.0,0.0
1338,85.0,0.0
1339,77.0,0.0
1340,23.0,0.0
1341,67.0,0.0
1342,88.0,0.0
1343,34.0,0.0
1344,19.0,0.0
1345,32.0,0.0
1346,28.0,0.0
1347,5.0,0.0
1348,30.0,0.0
1349,54.0,0.0
1350,19.0,0.0
1351,81.0,0.0
1352,33.0,0.0
1353,11.0,0.0
1354,14.0,0.0
1355,54.0,0.0
1356,49.0,0.0
1357,82.0,0.0
1358,38.0,0.0
1359,31.0,0.0
1360,98.0,0.0
1361,3.0,0.0
1362,83.0,0.0
1363,33.0,0.0
1364,41.0,0.0
1365,68.0,0.0
1366,14.0,0.0
1367,2.0,0.0
1368,26.0,0.0
1369,87.0,1.0
1370,43.0,0.0
1371,85.0,0.0
1372,75.0,0.0
1373,3.0,0.0
1374,4.0,0.0
1375,32.0,0.0
1376,94.0,0.0
1377,18.0,0.0
1378,73.0,0.0
1379,23.0,0.0
1380,80.0,0.0
1381,52.0,0.0
1382,3.0,0.0
1383,26.0,0.0
1384,59.0,0.0
1385,87.0,0.0
1386,10.0,0.0
1387,5.0,0.0
1388,63.0,0.0
1389,74.0,0.0
1390,42.0,0.0
1391,74.0,0.0
1392,53.0,0.0
1393,11.0,0.0
1394,38.0,0.0
1395,17.0,0.0
1396,90.0,0.0
1397,2.0,0.0
1398,73.0,1.0
1399,59.0,0.0
1400,22.0,0.0
1401,10.0,0.0
1402,59.0,0.0
1403,87.0,0.0
1404,27.0,0.0
1405,53.0,0.0
1406,26.0,0.0
1407,44.0,0.0
1408,45.0,0.0
1409,95.0,0.0
1410,53.0,0.0
1411,54.0,0.0
1412,86.0,1.0
1413,86.0,1.0
1414,89.0,0.0
1415,18.0,0.0
1416,3.0,0.0
1417,73.0,0.0
1418,42.0,0.0
1419,9.0,0.0
1420,59.0,0.0
1421,23.0,0.0
1422,91.0,0.0
1423,2.0,0.0
1424,38.0,0.0
1425,80.0,0.0
1426,43.0,0.0
1427,32.0,0.0
1428,32.0,0.0
1429,31.0,0.0
1430,20.0,0.0
1431,49.0,0.0
1432,33.0,0.0
1433,100.0,0.0
1434,16.0,0.0
1435,68.0,0.0
1436,96.0,0.0
1437,47.0,0.0
1438,7.0,0.0
1439,69.0,0.0
1440,23.0,0.0
1441,17.0,0.0
1442,12.0,0.0
1443,3.0,0.0
1444,81.0,0.0
1445,46.0,0.0
1446,7.0,0.0
1447,11.0,0.0
1448,89.0,0.0
1449,51.0,0.0
1450,66.0,0.0
1451,50.0,0.0
1452,28.0,0.0
1453,81.0,0.0
1454,25.0,0.0
1455,58.0,0.0
1456,24.0,0.0
1457,88.0,0.0
1458,20.0,0.0
1459,53.0,0.0
1460,2.0,0.0
1461,58.0,0.0
1462,40.0,0.0
1463,96.0,0.0
1464,59.0,0.0
1465,87.0,0.0
1466,64.0,0.0
1467,11.0,0.0
1468,100.0,0.0
1469,88.0,0.0
1470,33.0,0.0
1471,48.0,0.0
1472,94.0,0.0
1473,60.0,0.0
1474,19.0,0.0
1475,94.0,0.0
1476,4.0,0.0
1477,47.0,1.0
1478,65.0,0.0
1479,88.0,0.0
1480,23.0,0.0
1481,80.0,0.0
1482,33.0,0.0
1483,85.0,0.0
1484,73.0,0.0
1485,67.0,0.0
1486,46.0,0.0
1487,74.0,1.0
1488,54.0,0.0
1489,40.0,0.0
1490,62.0,0.0
1491,97.0,0.0
1492,41.0,1.0
1493,41.0,0.0
1494,46.0,0.0
1495,81.0,0.0
1496,49.0,0.0
1497,20.0,0.0
1498,96.0,0.0
1499,88.0,0.0
1500,46.0,0.0
1501,96.0,0.0
1502,84.0,0.0
1503,12.0,0.0
1504,17.0,0.0
1505,66.0,0.0
1506,19.0,0.0
1507,18.0,0.0
1508,88.0,1.0
1509,32.0,0.0
1510,5.0,0.0
1511,28.0,0.0
1512,48.0,0.0
1513,40.0,0.0
1514,95.0,0.0
1515,77.0,1.0
1516,4.0,0.0
1517,8.0,0.0
1518,27.0,0.0
1519,75.0,0.0
1520,48.0,0.0
1521,20.0,0.0
1522,96.0,0.0
1523,33.0,1.0
1524,11.0,0.0
1525,52.0,0.0
1526,18.0,0.0
1527,47.0,0.0
1528,96.0,0.0
1529,46.0,0.0
1530,33.0,0.0
1531,26.0,0.0
1532,47.0,0.0
1533,66.0,0.0
1534,52.0,0.0
1535,18.0,0.0
1536,54.0,0.0
1537,49.0,1.0
1538,16.0,0.0
1539,52.0,0.0
1540,99.0,0.0
1541,15.0,0.0
1542,22.0,0.0
1543,16.0,0.0
1544,69.0,0.0
1545,80.0,0.0
1546,52.0,0.0
1547,47.0,0.0
1548,59.0,0.0
1549,25.0,0.0
1550,12.0,0.0
1551,7.0,0.0
1552,24.0,0.0
1553,53.0,0.0
1554,10.0,0.0
1555,37.0,1.0
1556,81.0,0.0
1557,39.0,0.0
1558,2.0,0.0
1559,29.0,0.0
1560,88.0,0.0
1561,17.0,0.0
1562,7.0,0.0
1563,6.0,0.0
1564,59.0,0.0
1565,82.0,0.0
1566,15.0,0.0
1567,37.0,0.0
1568,40.0,0.0
1569,52.0,0.0
1570,94.0,1.0
1571,91.0,0.0
1572,81.0,0.0
1573,82.0,0.0
1574,60.0,0.0
1575,59.0,0.0
1576,95.0,0.0
1577,74.0,0.0
1578,26.0,0.0
1579,3.0,0.0
1580,31.0,0.0
1581,10.0,0.0
1582,67.0,1.0
1583,31.0,0.0
1584,46.0,0.0
1585,5.0,0.0
1586,29.0,0.0
1587,88.0,0.0
1588,20.0,0.0
1589,53.0,0.0
1590,45.0,0.0
1591,89.0,0.0
1592,6.0,0.0
1593,66.0,1.0
1594,12.0,0.0
1595,50.0,1.0
1596,95.0,0.0
1597,50.0,1.0
1598,15.0,0.0
1599,87.0,0.0
1600,27.0,0.0
1601,22.0,0.0
1602,7.0,1.0
1603,7.0,0.0
1604,78.0,0.0
1605,3.0,1.0
1606,51.0,0.0
1607,59.0,0.0
1608,26.0,0.0
1609,21.0,0.0
1610,26.0,0.0
1611,68.0,1.0
1612,46.0,1.0
1613,17.0,0.0
1614,61.0,0.0
1615,88.0,0.0
1616,26.0,0.0
1617,52.0,0.0
1618,8.0,0.0
1619,46.0,0.0
1620,40.0,0.0
1621,71.0,0.0
1622,45.0,0.0
1623,14.0,0.0
1624,9.0,0.0
1625,84.0,0.0
1626,54.0,0.0
1627,46.0,0.0
1628,53.0,0.0
1629,60.0,0.0
1630,52.0,0.0
1631,18.0,0.0
1632,30.0,0.0
1633,33.0,1.0
1634,49.0,0.0
1635,95.0,0.0
1636,90.0,0.0
1637,67.0,0.0
1638,31.0,1.0
1639,83.0,0.0
1640,30.0,0.0
1641,12.0,0.0
1642,4.0,0.0
1643,81.0,0.0
1644,72.0,0.0
1645,36.0,0.0
1646,80.0,0.0
1647,68.0,0.0
1648,11.0,0.0
1649,46.0,0.0
1650,21.0,0.0
1651,4.0,0.0
1652,21.0,0.0
1653,45.0,1.0
1654,40.0,0.0
1655,68.0,0.0
1656,31.0,0.0
1657,56.0,1.0
1658,60.0,0.0
1659,82.0,1.0
1660,68.0,0.0
1661,39.0,0.0
1662,18.0,0.0
1663,19.0,0.0
1664,10.0,0.0
1665,36.0,0.0
1666,18.0,0.0
1667,53.0,0.0
1668,7.0,0.0
1669,8.0,0.0
1670,88.0,0.0
1671,87.0,0.0
1672,58.0,0.0
1673,39.0,0.0
1674,57.0,0.0
1675,88.0,0.0
1676,27.0,0.0
1677,27.0,0.0
1678,11.0,1.0
1679,26.0,0.0
1680,55.0,0.0
1681,33.0,0.0
1682,40.0,1.0
1683,7.0,0.0
1684,54.0,0.0
1685,73.0,0.0
1686,40.0,0.0
1687,21.0,0.0
1688,87.0,0.0
1689,39.0,0.0
1690,47.0,0.0
1691,4.0,0.0
1692,32.0,0.0
1693,47.0,0.0
1694,45.0,0.0
1695,25.0,0.0
1696,17.0,0.0
1697,61.0,0.0
1698,67.0,0.0
1699,12.0,0.0
1700,73.0,0.0
1701,52.0,0.0
1702,99.0,0.0
1703,69.0,0.0
1704,60.0,0.0
1705,66.0,0.0
1706,17.0,0.0
1707,73.0,0.0
1708,72.0,0.0
1709,56.0,0.0
1710,43.0,0.0
1711,34.0,0.0
1712,12.0,0.0
1713,54.0,0.0
1714,40.0,0.0
1715,17.0,0.0
1716,35.0,1.0
1717,11.0,0.0
1718,10.0,0.0
1719,23.0,0.0
1720,24.0,0.0
1721,43.0,0.0
1722,67.0,0.0
1723,29.0,0.0
1724,60.0,0.0
1725,31.0,0.0
1726,3.0,0.0
1727,95.0,0.0
1728,35.0,0.0
1729,46.0,0.0
1730,2.0,0.0
1731,15.0,0.0
1732,34.0,0.0
1733,11.0,0.0
1734,21.0,0.0
1735,74.0,1.0
1736,28.0,0.0
1737,17.0,0.0
1738,29.0,0.0
1739,89.0,0.0
1740,12.0,0.0
1741,27.0,0.0
1742,48.0,0.0
1743,5.0,0.0
1744,52.0,0.0
1745,74.0,0.0
1746,73.0,0.0
1747,84.0,0.0
1748,32.0,0.0
1749,68.0,0.0
1750,51.0,0.0
1751,31.0,0.0
1752,12.0,0.0
1753,59.0,1.0
1754,4.0,0.0
1755,66.0,0.0
1756,19.0,0.0
1757,75.0,0.0
1758,81.0,0.0
1759,12.0,0.0
1760,59.0,0.0
1761,25.0,0.0
1762,47.0,0.0
1763,25.0,0.0
1764,40.0,0.0
1765,22.0,0.0
1766,24.0,0.0
1767,36.0,0.0
1768,25.0,0.0
1769,24.0,0.0
1770,75.0,0.0
1771,45.0,0.0
1772,94.0,0.0
1773,61.0,0.0
1774,46.0,0.0
1775,26.0,0.0
1776,58.0,0.0
1777,24.0,0.0
1778,35.0,1.0
1779,29.0,0.0
1780,26.0,0.0
1781,31.0,1.0
1782,40.0,0.0
1783,16.0,0.0
1784,60.0,0.0
1785,17.0,0.0
1786,7.0,0.0
1787,49.0,0.0
1788,11.0,0.0
1789,23.0,1.0
1790,74.0,0.0
1791,27.0,0.0
1792,81.0,0.0
1793,12.0,0.0
1794,100.0,0.0
1795,23.0,0.0
1796,74.0,0.0
1797,9.0,0.0
1798,26.0,0.0
1799,54.0,1.0
1800,42.0,0.0
1801,56.0,0.0
1802,48.0,0.0
1803,9.0,0.0
1804,49.0,0.0
1805,96.0,0.0
1806,28.0,0.0
1807,66.0,0.0
1808,31.0,0.0
1809,12.0,0.0
1810,25.0,0.0
1811,67.0,0.0
1812,90.0,0.0
1813,62.0,1.0
1814,82.0,0.0
1815,25.0,0.0
1816,68.0,0.0
1817,45.0,0.0
1818,18.0,0.0
1819,3.0,0.0
1820,82.0,0.0
1821,68.0,0.0
1822,10.0,0.0
1823,75.0,0.0
1824,42.0,0.0
1825,82.0,0.0
1826,73.0,0.0
1827,32.0,0.0
1828,51.0,0.0
1829,38.0,0.0
1830,2.0,0.0
1831,18.0,0.0
1832,11.0,0.0
1833,10.0,0.0
1834,7.0,0.0
1835,88.0,0.0
1836,54.0,0.0
1837,5.0,1.0
1838,61.0,0.0
1839,57.0,0.0
1840,7.0,0.0
1841,10.0,0.0
1842,40.0,0.0
1843,66.0,0.0
1844,75.0,0.0
1845,55.0,0.0
1846,2.0,0.0
1847,82.0,0.0
1848,40.0,1.0
1849,21.0,0.0
1850,5.0,0.0
1851,74.0,1.0
1852,87.0,0.0
1853,4.0,0.0
1854,15.0,0.0
1855,49.0,0.0
1856,67.0,0.0
1857,33.0,0.0
1858,59.0,0.0
1859,91.0,0.0
1860,2.0,0.0
1861,44.0,0.0
1862,26.0,0.0
1863,17.0,0.0
1864,68.0,0.0
1865,37.0,0.0
1866,17.0,0.0
1867,16.0,0.0
1868,3.0,0.0
1869,9.0,0.0
1870,95.0,0.0
1871,61.0,0.0
1872,74.0,0.0
1873,19.0,0.0
1874,61.0,0.0
1875,74.0,0.0
1876,17.0,0.0
1877,32.0,0.0
1878,73.0,0.0
1879,3.0,0.0
1880,59.0,0.0
1881,49.0,0.0
1882,73.0,0.0
1883,29.0,0.0
1884,99.0,0.0
1885,81.0,0.0
1886,9.0,0.0
1887,59.0,0.0
1888,61.0,0.0
1889,75.0,0.0
1890,8.0,0.0
1891,42.0,0.0
1892,87.0,0.0
1893,19.0,0.0
1894,31.0,0.0
1895,95.0,0.0
1896,47.0,0.0
1897,31.0,0.0
1898,45.0,0.0
1899,27.0,0.0
1900,7.0,0.0
1901,97.0,0.0
1902,52.0,0.0
1903,10.0,0.0
1904,32.0,0.0
1905,53.0,1.0
1906,89.0,0.0
1907,33.0,0.0
1908,21.0,0.0
1909,93.0,0.0
1910,34.0,0.0
1911,67.0,1.0
1912,60.0,0.0
1913,53.0,0.0
1914,31.0,0.0
1915,59.0,0.0
1916,98.0,0.0
1917,17.0,0.0
1918,5.0,0.0
1919,25.0,1.0
1920,39.0,0.0
1921,29.0,0.0
1922,39.0,0.0
1923,84.0,0.0
1924,3.0,0.0
1925,89.0,0.0
1926,50.0,0.0
1927,18.0,0.0
1928,56.0,0.0
1929,38.0,0.0
1930,25.0,0.0
1931,4.0,1.0
1932,85.0,0.0
1933,77.0,0.0
1934,25.0,0.0
1935,27.0,0.0
1936,30.0,0.0
1937,69.0,0.0
1938,3.0,0.0
1939,59.0,0.0
1940,3.0,0.0
1941,60.0,0.0
1942,42.0,0.0
1943,6.0,0.0
1944,3.0,0.0
1945,48.0,0.0
1946,19.0,0.0
1947,13.0,0.0
1948,54.0,0.0
1949,33.0,0.0
1950,18.0,0.0
1951,25.0,0.0
1952,79.0,0.0
1953,26.0,0.0
1954,31.0,0.0
1955,26.0,0.0
1956,38.0,0.0
1957,33.0,0.0
1958,23.0,1.0
1959,50.0,0.0
1960,47.0,0.0
1961,32.0,0.0
1962,6.0,0.0
1963,73.0,0.0
1964,18.0,0.0
1965,32.0,0.0
1966,24.0,0.0
1967,15.0,0.0
1968,52.0,0.0
1969,27.0,0.0
1970,7.0,1.0
1971,94.0,0.0
1972,17.0,0.0
1973,33.0,0.0
1974,52.0,0.0
1975,73.0,0.0
1976,82.0,0.0
1977,89.0,0.0
1978,15.0,0.0
1979,97.0,0.0
1980,37.0,0.0
1981,59.0,0.0
1982,45.0,0.0
1983,28.0,0.0
1984,87.0,0.0
1985,73.0,0.0
1986,11.0,0.0
1987,76.0,0.0
1988,29.0,0.0
1989,17.0,0.0
1990,37.0,0.0
1991,97.0,0.0
1992,5.0,0.0
1993,67.0,0.0
1994,10.0,0.0
1995,81.0,0.0
1996,47.0,0.0
1997,4.0,0.0
1998,61.0,0.0
1999,27.0,0.0
2000,38.0,0.0
2001,17.0,0.0
2002,94.0,0.0
2003,19.0,0.0
2004,67.0,1.0
2005,96.0,0.0
2006,32.0,0.0
2007,96.0,1.0
2008,89.0,0.0
2009,7.0,0.0
2010,14.0,0.0
2011,25.0,0.0
2012,87.0,0.0
2013,14.0,0.0
2014,17.0,0.0
2015,22.0,0.0
2016,25.0,0.0
2017,37.0,1.0
2018,96.0,0.0
2019,94.0,0.0
2020,2.0,0.0
2021,88.0,0.0
2022,60.0,0.0
2023,48.0,0.0
2024,74.0,0.0
2025,12.0,0.0
2026,32.0,0.0
2027,36.0,0.0
2028,16.0,0.0
2029,2.0,0.0
2030,98.0,0.0
2031,54.0,0.0
2032,23.0,0.0
2033,47.0,0.0
2034,43.0,0.0
2035,59.0,0.0
2036,66.0,0.0
2037,94.0,0.0
2038,15.0,0.0
2039,22.0,0.0
2040,24.0,0.0
2041,80.0,0.0
2042,27.0,0.0
2043,35.0,0.0
2044,9.0,0.0
2045,43.0,0.0
2046,26.0,0.0
2047,95.0,0.0
2048,82.0,0.0
2049,94.0,0.0
2050,87.0,0.0
2051,10.0,0.0
2052,32.0,0.0
2053,62.0,0.0
2054,59.0,0.0
2055,10.0,0.0
2056,74.0,0.0
2057,39.0,0.0
2058,73.0,0.0
2059,53.0,0.0
2060,50.0,0.0
2061,4.0,0.0
2062,8.0,0.0
2063,38.0,0.0
2064,4.0,0.0
2065,39.0,0.0
2066,17.0,0.0
2067,67.0,0.0
2068,32.0,0.0
2069,17.0,0.0
2070,45.0,0.0
2071,60.0,0.0
2072,40.0,0.0
2073,4.0,0.0
2074,99.0,0.0
2075,52.0,0.0
2076,78.0,0.0
2077,9.0,0.0
2078,63.0,0.0
2079,68.0,1.0
2080,27.0,1.0
2081,37.0,0.0
2082,17.0,0.0
2083,25.0,0.0
2084,44.0,0.0
2085,19.0,0.0
2086,3.0,0.0
2087,54.0,0.0
2088,25.0,0.0
2089,43.0,0.0
2090,63.0,0.0
2091,67.0,0.0
2092,24.0,0.0
2093,22.0,1.0
2094,46.0,0.0
2095,82.0,0.0
2096,27.0,0.0
2097,26.0,0.0
2098,5.0,0.0
2099,61.0,0.0
2100,34.0,0.0
2101,4.0,1.0
2102,25.0,0.0
2103,36.0,0.0
2104,88.0,0.0
2105,30.0,0.0
2106,16.0,0.0
2107,87.0,0.0
2108,21.0,0.0
2109,15.0,0.0
2110,96.0,0.0
2111,29.0,0.0
2112,66.0,0.0
2113,14.0,0.0
2114,38.0,0.0
2115,87.0,0.0
2116,13.0,0.0
2117,27.0,0.0
2118,19.0,0.0
2119,42.0,0.0
2120,53.0,0.0
2121,50.0,0.0
2122,33.0,0.0
2123,61.0,0.0
2124,68.0,0.0
2125,87.0,0.0
2126,61.0,0.0
2127,52.0,0.0
2128,38.0,0.0
2129,11.0,0.0
2130,99.0,0.0
2131,40.0,0.0
2132,26.0,0.0
2133,57.0,0.0
2134,42.0,0.0
2135,31.0,0.0
2136,8.0,0.0
2137,88.0,0.0
2138,40.0,0.0
2139,33.0,0.0
2140,68.0,0.0
2141,52.0,0.0
2142,96.0,0.0
2143,36.0,0.0
2144,84.0,0.0
2145,75.0,1.0
2146,32.0,0.0
2147,67.0,0.0
2148,40.0,0.0
2149,17.0,0.0
2150,41.0,0.0
2151,32.0,0.0
2152,9.0,0.0
2153,32.0,0.0
2154,16.0,0.0
2155,96.0,0.0
2156,77.0,0.0
2157,29.0,0.0
2158,95.0,0.0
2159,26.0,0.0
2160,29.0,1.0
2161,74.0,0.0
2162,29.0,0.0
2163,94.0,0.0
2164,17.0,0.0
2165,88.0,0.0
2166,87.0,0.0
2167,44.0,0.0
2168,95.0,0.0
2169,8.0,1.0
2170,81.0,0.0
2171,25.0,0.0
2172,70.0,0.0
2173,33.0,0.0
2174,59.0,0.0
2175,30.0,0.0
2176,31.0,0.0
2177,18.0,0.0
2178,96.0,0.0
2179,15.0,0.0
2180,24.0,0.0
2181,40.0,0.0
2182,53.0,0.0
2183,43.0,0.0
2184,76.0,0.0
2185,87.0,0.0
2186,67.0,1.0
2187,30.0,0.0
2188,44.0,1.0
2189,53.0,0.0
2190,74.0,0.0
2191,90.0,1.0
2192,12.0,0.0
2193,7.0,0.0
2194,11.0,0.0
2195,60.0,0.0
2196,11.0,0.0
2197,17.0,0.0
2198,97.0,0.0
2199,3.0,0.0
2200,10.0,1.0
2201,33.0,0.0
2202,16.0,0.0
2203,98.0,0.0
2204,57.0,0.0
2205,44.0,1.0
2206,36.0,0.0
2207,53.0,1.0
2208,80.0,0.0
2209,95.0,0.0
2210,10.0,0.0
2211,20.0,0.0
2212,66.0,0.0
2213,33.0,0.0
2214,60.0,0.0
2215,33.0,0.0
2216,58.0,0.0
2217,41.0,0.0
2218,35.0,0.0
2219,19.0,0.0
2220,65.0,0.0
2221,6.0,0.0
2222,60.0,1.0
2223,24.0,0.0
2224,52.0,0.0
2225,58.0,0.0
2226,68.0,0.0
2227,66.0,0.0
2228,47.0,0.0
2229,3.0,0.0
2230,20.0,0.0
2231,43.0,0.0
2232,31.0,0.0
2233,8.0,0.0
2234,52.0,0.0
2235,47.0,0.0
2236,32.0,0.0
2237,21.0,0.0
2238,83.0,0.0
2239,19.0,0.0
2240,99.0,0.0
2241,59.0,0.0
2242,5.0,0.0
2243,10.0,0.0
2244,68.0,0.0
2245,30.0,0.0
2246,33.0,0.0
2247,75.0,0.0
2248,89.0,0.0
2249,74.0,0.0
2250,80.0,0.0
2251,18.0,1.0
2252,33.0,0.0
2253,8.0,0.0
2254,8.0,0.0
2255,98.0,0.0
2256,14.0,0.0
2257,60.0,0.0
2258,29.0,0.0
2259,3.0,1.0
2260,5.0,0.0
2261,66.0,0.0
2262,11.0,0.0
2263,33.0,0.0
2264,91.0,1.0
2265,7.0,0.0
2266,40.0,0.0
2267,21.0,0.0
2268,26.0,0.0
2269,32.0,0.0
2270,14.0,0.0
2271,46.0,0.0
2272,24.0,0.0
2273,33.0,0.0
2274,79.0,0.0
2275,24.0,0.0
2276,28.0,0.0
2277,24.0,0.0
2278,73.0,0.0
2279,4.0,0.0
2280,82.0,0.0
2281,88.0,0.0
2282,16.0,0.0
2283,33.0,0.0
2284,64.0,0.0
2285,81.0,0.0
2286,11.0,0.0
2287,95.0,0.0
2288,33.0,0.0
2289,61.0,0.0
2290,12.0,0.0
2291,30.0,0.0
2292,45.0,0.0
2293,47.0,0.0
2294,45.0,0.0
2295,66.0,0.0
2296,15.0,0.0
2297,55.0,1.0
2298,19.0,1.0
2299,13.0,0.0
2300,85.0,0.0
2301,45.0,1.0
2302,75.0,0.0
2303,81.0,0.0
2304,93.0,0.0
2305,39.0,0.0
2306,33.0,0.0
2307,23.0,0.0
2308,40.0,0.0
2309,10.0,0.0
2310,21.0,0.0
2311,4.0,0.0
2312,70.0,0.0
2313,24.0,0.0
2314,39.0,0.0
2315,35.0,0.0
2316,31.0,0.0
2317,4.0,0.0
2318,87.0,0.0
2319,73.0,0.0
2320,23.0,0.0
2321,13.0,0.0
2322,87.0,0.0
2323,68.0,0.0
2324,18.0,1.0
2325,25.0,0.0
2326,87.0,0.0
2327,10.0,0.0
2328,74.0,0.0
2329,78.0,0.0
2330,94.0,0.0
2331,84.0,0.0
2332,14.0,0.0
2333,30.0,0.0
2334,33.0,1.0
2335,61.0,0.0
2336,58.0,0.0
2337,41.0,0.0
2338,96.0,0.0
2339,47.0,0.0
2340,100.0,0.0
2341,13.0,0.0
2342,5.0,1.0
2343,59.0,1.0
2344,12.0,0.0
2345,6.0,0.0
2346,74.0,0.0
2347,40.0,0.0
2348,75.0,0.0
2349,24.0,0.0
2350,19.0,0.0
2351,44.0,1.0
2352,81.0,0.0
2353,32.0,0.0
2354,39.0,0.0
2355,59.0,0.0
2356,6.0,0.0
2357,44.0,0.0
2358,24.0,0.0
2359,79.0,0.0
2360,95.0,1.0
2361,45.0,0.0
2362,11.0,0.0
2363,82.0,0.0
2364,5.0,0.0
2365,94.0,0.0
2366,40.0,0.0
2367,31.0,0.0
2368,10.0,0.0
2369,75.0,0.0
2370,15.0,0.0
2371,20.0,0.0
2372,35.0,0.0
2373,61.0,1.0
2374,19.0,0.0
2375,80.0,0.0
2376,45.0,0.0
2377,47.0,0.0
2378,20.0,0.0
2379,60.0,0.0
2380,60.0,0.0
2381,95.0,0.0
2382,59.0,0.0
2383,61.0,0.0
2384,72.0,0.0
2385,53.0,0.0
2386,46.0,0.0
2387,80.0,0.0
2388,26.0,0.0
2389,30.0,0.0
2390,67.0,0.0
2391,32.0,0.0
2392,51.0,0.0
2393,18.0,0.0
2394,11.0,0.0
2395,24.0,0.0
2396,31.0,0.0
2397,45.0,0.0
2398,32.0,0.0
2399,10.0,0.0
2400,73.0,1.0
2401,67.0,0.0
2402,82.0,1.0
2403,46.0,0.0
2404,4.0,0.0
2405,25.0,0.0
2406,63.0,0.0
2407,52.0,0.0
2408,18.0,0.0
2409,7.0,0.0
2410,26.0,0.0
2411,96.0,1.0
2412,8.0,0.0
2413,75.0,0.0
2414,39.0,0.0
2415,61.0,1.0
2416,18.0,0.0
2417,51.0,0.0
2418,5.0,0.0
2419,87.0,1.0
2420,52.0,0.0
2421,66.0,0.0
2422,72.0,0.0
2423,12.0,0.0
2424,96.0,0.0
2425,45.0,1.0
2426,27.0,0.0
2427,50.0,0.0
2428,53.0,0.0
2429,12.0,0.0
2430,45.0,0.0
2431,42.0,0.0
2432,59.0,0.0
2433,56.0,0.0
2434,13.0,0.0
2435,14.0,0.0
2436,48.0,0.0
2437,61.0,0.0
2438,55.0,0.0
2439,35.0,0.0
2440,94.0,0.0
2441,22.0,0.0
2442,5.0,0.0
2443,29.0,0.0
2444,68.0,1.0
2445,96.0,0.0
2446,50.0,0.0
2447,54.0,0.0
2448,27.0,0.0
2449,19.0,0.0
2450,58.0,0.0
2451,62.0,0.0
2452,59.0,0.0
2453,31.0,1.0
2454,12.0,0.0
2455,48.0,0.0
2456,60.0,0.0
2457,41.0,0.0
2458,58.0,0.0
2459,89.0,0.0
2460,46.0,1.0
2461,2.0,0.0
2462,67.0,0.0
2463,16.0,0.0
2464,4.0,0.0
2465,31.0,1.0
2466,66.0,0.0
2467,40.0,1.0
2468,60.0,0.0
2469,26.0,0.0
2470,45.0,0.0
2471,79.0,1.0
2472,39.0,0.0
2473,51.0,0.0
2474,12.0,0.0
2475,23.0,0.0
2476,75.0,0.0
2477,27.0,0.0
2478,98.0,1.0
2479,58.0,0.0
2480,95.0,0.0
2481,96.0,1.0
2482,53.0,0.0
2483,5.0,0.0
2484,19.0,0.0
2485,28.0,0.0
2486,26.0,0.0
2487,12.0,0.0
2488,96.0,1.0
2489,74.0,0.0
2490,47.0,0.0
2491,96.0,0.0
2492,82.0,0.0
2493,73.0,0.0
2494,32.0,1.0
2495,12.0,0.0
2496,67.0,0.0
2497,11.0,0.0
2498,27.0,0.0
2499,46.0,0.0
2500,10.0,0.0
2501,77.0,1.0
2502,20.0,0.0
2503,37.0,0.0
2504,20.0,0.0
2505,24.0,0.0
2506,75.0,0.0
2507,66.0,0.0
2508,38.0,0.0
2509,54.0,0.0
2510,9.0,0.0
2511,10.0,0.0
2512,30.0,0.0
2513,11.0,0.0
2514,59.0,1.0
2515,61.0,0.0
2516,81.0,0.0
2517,67.0,1.0
2518,24.0,0.0
2519,2.0,0.0
2520,11.0,0.0
2521,58.0,1.0
2522,9.0,0.0
2523,53.0,1.0
2524,7.0,0.0
2525,29.0,0.0
2526,26.0,0.0
2527,89.0,0.0
2528,53.0,0.0
2529,64.0,0.0
2530,31.0,1.0
2531,40.0,0.0
2532,38.0,0.0
2533,41.0,0.0
2534,41.0,0.0
2535,88.0,0.0
2536,68.0,0.0
2537,94.0,0.0
2538,65.0,0.0
2539,59.0,0.0
2540,59.0,0.0
2541,53.0,0.0
2542,45.0,0.0
2543,95.0,0.0
2544,61.0,0.0
2545,33.0,0.0
2546,31.0,0.0
2547,31.0,0.0
2548,94.0,0.0
2549,80.0,1.0
2550,5.0,0.0
2551,20.0,1.0
2552,53.0,0.0
2553,11.0,0.0
2554,5.0,1.0
2555,59.0,0.0
2556,71.0,0.0
2557,74.0,0.0
2558,34.0,0.0
2559,26.0,0.0
2560,12.0,0.0
2561,16.0,0.0
2562,88.0,0.0
2563,80.0,0.0
2564,88.0,0.0
2565,33.0,0.0
2566,40.0,1.0
2567,9.0,1.0
2568,89.0,0.0
2569,29.0,0.0
2570,21.0,1.0
2571,12.0,0.0
2572,21.0,0.0
2573,45.0,0.0
2574,12.0,0.0
2575,10.0,0.0
2576,4.0,0.0
2577,75.0,0.0
2578,41.0,0.0
2579,81.0,0.0
2580,31.0,0.0
2581,10.0,0.0
2582,73.0,0.0
2583,19.0,0.0
2584,27.0,0.0
2585,98.0,0.0
2586,67.0,0.0
2587,37.0,0.0
2588,40.0,0.0
2589,32.0,0.0
2590,4.0,0.0
2591,9.0,0.0
2592,19.0,0.0
2593,87.0,1.0
2594,31.0,0.0
2595,38.0,1.0
2596,54.0,0.0
2597,2.0,0.0
2598,45.0,0.0
2599,10.0,0.0
2600,2.0,0.0
2601,10.0,0.0
2602,51.0,0.0
2603,10.0,0.0
2604,12.0,0.0
2605,10.0,0.0
2606,89.0,0.0
2607,52.0,0.0
2608,75.0,0.0
2609,72.0,0.0
2610,89.0,0.0
2611,71.0,0.0
2612,59.0,0.0
2613,96.0,0.0
2614,58.0,0.0
2615,53.0,0.0
2616,48.0,0.0
2617,59.0,0.0
2618,11.0,0.0
2619,47.0,2.0
2620,88.0,1.0
2621,87.0,0.0
2622,46.0,0.0
2623,16.0,0.0
2624,47.0,0.0
2625,33.0,0.0
2626,43.0,0.0
2627,31.0,1.0
2628,33.0,0.0
2629,59.0,0.0
2630,79.0,0.0
2631,19.0,0.0
2632,23.0,0.0
2633,87.0,0.0
2634,59.0,0.0
2635,54.0,1.0
2636,80.0,1.0
2637,30.0,0.0
2638,94.0,0.0
2639,39.0,1.0
2640,8.0,0.0
2641,23.0,0.0
2642,5.0,0.0
2643,85.0,0.0
2644,67.0,1.0
2645,42.0,0.0
2646,37.0,0.0
2647,59.0,0.0
2648,40.0,2.0
2649,14.0,1.0
2650,2.0,1.0
2651,2.0,0.0
2652,47.0,1.0
2653,24.0,2.0
2654,45.0,0.0
2655,6.0,1.0
2656,81.0,0.0
2657,24.0,0.0
2658,40.0,0.0
2659,31.0,1.0
2660,87.0,1.0
2661,16.0,0.0
2662,44.0,0.0
2663,24.0,0.0
2664,57.0,0.0
2665,80.0,0.0
2666,24.0,0.0
2667,85.0,0.0
2668,29.0,0.0
2669,19.0,0.0
2670,40.0,1.0
2671,41.0,1.0
2672,65.0,0.0
2673,15.0,0.0
2674,18.0,0.0
2675,87.0,0.0
2676,27.0,0.0
2677,50.0,0.0
2678,44.0,0.0
2679,29.0,1.0
2680,67.0,0.0
2681,89.0,0.0
2682,81.0,1.0
2683,75.0,0.0
2684,51.0,0.0
2685,67.0,0.0
2686,37.0,0.0
2687,40.0,0.0
2688,40.0,0.0
2689,48.0,0.0
2690,53.0,2.0
2691,67.0,1.0
2692,58.0,1.0
2693,28.0,0.0
2694,87.0,0.0
2695,47.0,0.0
2696,56.0,0.0
2697,19.0,0.0
2698,55.0,1.0
2699,60.0,0.0
2700,68.0,1.0
2701,82.0,2.0
2702,89.0,0.0
2703,87.0,0.0
2704,68.0,0.0
2705,18.0,1.0
2706,21.0,2.0
2707,23.0,0.0
2708,60.0,0.0
2709,68.0,0.0
2710,2.0,1.0
2711,13.0,1.0
2712,20.0,0.0
2713,94.0,1.0
2714,15.0,0.0
2715,82.0,0.0
2716,88.0,0.0
2717,6.0,0.0
2718,71.0,0.0
2719,81.0,1.0
2720,51.0,0.0
2721,5.0,0.0
2722,52.0,1.0
2723,59.0,0.0
2724,96.0,0.0
2725,52.0,0.0
2726,20.0,1.0
2727,38.0,0.0
2728,5.0,0.0
2729,52.0,0.0
2730,54.0,0.0
2731,88.0,0.0
2732,24.0,0.0
2733,87.0,1.0
2734,39.0,0.0
2735,28.0,0.0
2736,36.0,0.0
2737,73.0,1.0
2738,96.0,0.0
2739,51.0,0.0
2740,5.0,0.0
2741,34.0,0.0
2742,96.0,0.0
2743,19.0,1.0
2744,68.0,0.0
2745,54.0,0.0
2746,67.0,0.0
2747,58.0,0.0
2748,53.0,0.0
2749,19.0,1.0
2750,9.0,0.0
2751,28.0,0.0
2752,98.0,0.0
2753,85.0,0.0
2754,70.0,1.0
2755,96.0,0.0
2756,67.0,0.0
2757,67.0,0.0
2758,66.0,2.0
2759,82.0,0.0
2760,22.0,0.0
2761,4.0,0.0
2762,88.0,1.0
2763,44.0,2.0
2764,83.0,0.0
2765,29.0,0.0
2766,67.0,0.0
2767,95.0,0.0
2768,28.0,0.0
2769,74.0,0.0
2770,28.0,0.0
2771,38.0,0.0
2772,91.0,0.0
2773,8.0,0.0
2774,96.0,0.0
2775,5.0,0.0
2776,22.0,0.0
2777,16.0,0.0
2778,59.0,0.0
2779,19.0,1.0
2780,95.0,1.0
2781,88.0,0.0
2782,81.0,0.0
2783,34.0,1.0
2784,74.0,0.0
2785,68.0,0.0
2786,2.0,0.0
2787,40.0,0.0
2788,40.0,1.0
2789,87.0,0.0
2790,44.0,0.0
2791,54.0,2.0
2792,94.0,2.0
2793,47.0,0.0
2794,40.0,0.0
2795,48.0,0.0
2796,83.0,0.0
2797,61.0,0.0
2798,88.0,0.0
2799,73.0,1.0
2800,29.0,1.0
2801,47.0,0.0
2802,44.0,1.0
2803,54.0,1.0
2804,81.0,1.0
2805,18.0,0.0
2806,40.0,1.0
2807,51.0,0.0
2808,49.0,2.0
2809,29.0,0.0
2810,34.0,0.0
2811,24.0,0.0
2812,47.0,0.0
2813,73.0,1.0
2814,9.0,0.0
2815,20.0,0.0
2816,52.0,0.0
2817,82.0,1.0
2818,82.0,0.0
2819,19.0,0.0
2820,8.0,0.0
2821,81.0,0.0
2822,88.0,0.0
2823,15.0,1.0
2824,32.0,0.0
2825,49.0,0.0
2826,46.0,0.0
2827,39.0,0.0
2828,24.0,0.0
2829,8.0,1.0
2830,41.0,1.0
2831,60.0,2.0
2832,81.0,1.0
2833,45.0,0.0
2834,84.0,0.0
2835,19.0,0.0
2836,85.0,1.0
2837,89.0,0.0
2838,73.0,2.0
2839,40.0,1.0
2840,77.0,0.0
2841,95.0,2.0
2842,45.0,0.0
2843,20.0,1.0
2844,20.0,0.0
2845,75.0,1.0
2846,60.0,1.0
2847,36.0,0.0
2848,60.0,0.0
2849,94.0,1.0
2850,53.0,0.0
2851,61.0,0.0
2852,47.0,0.0
2853,96.0,1.0
2854,74.0,0.0
2855,16.0,0.0
2856,29.0,0.0
2857,60.0,0.0
2858,88.0,0.0
2859,81.0,0.0
2860,56.0,1.0
2861,5.0,1.0
2862,66.0,1.0
2863,5.0,2.0
2864,60.0,0.0
2865,68.0,0.0
2866,82.0,1.0
2867,38.0,1.0
2868,47.0,1.0
2869,18.0,0.0
2870,83.0,1.0
2871,4.0,0.0
2872,61.0,0.0
2873,74.0,0.0
2874,85.0,2.0
2875,16.0,0.0
2876,87.0,2.0
2877,53.0,0.0
2878,21.0,2.0
2879,38.0,0.0
2880,18.0,0.0
2881,100.0,0.0
2882,66.0,1.0
2883,74.0,0.0
2884,74.0,3.0
2885,18.0,0.0
2886,89.0,0.0
2887,60.0,0.0
2888,22.0,0.0
2889,32.0,1.0
2890,87.0,0.0
2891,46.0,1.0
2892,32.0,0.0
2893,13.0,0.0
2894,82.0,0.0
2895,89.0,0.0
2896,16.0,1.0
2897,47.0,0.0
2898,24.0,0.0
2899,73.0,1.0
2900,73.0,3.0
2901,94.0,0.0
2902,27.0,1.0
2903,80.0,0.0
2904,43.0,0.0
2905,89.0,0.0
2906,89.0,1.0
2907,81.0,1.0
2908,13.0,0.0
2909,82.0,0.0
2910,81.0,3.0
2911,95.0,1.0
2912,4.0,0.0
2913,47.0,0.0
2914,77.0,1.0
2915,94.0,1.0
2916,32.0,0.0
2917,40.0,0.0
2918,39.0,0.0
2919,88.0,0.0
2920,50.0,1.0
2921,82.0,0.0
2922,13.0,0.0
2923,53.0,0.0
2924,73.0,0.0
2925,96.0,0.0
2926,52.0,1.0
2927,95.0,2.0
2928,72.0,0.0
2929,52.0,2.0
2930,74.0,0.0
2931,8.0,1.0
2932,74.0,2.0
2933,45.0,0.0
2934,20.0,0.0
2935,39.0,0.0
2936,82.0,0.0
2937,58.0,0.0
2938,53.0,1.0
2939,13.0,0.0
2940,95.0,0.0
2941,95.0,0.0
2942,75.0,0.0
2943,66.0,0.0
2944,2.0,1.0
2945,29.0,2.0
2946,96.0,0.0
2947,47.0,0.0
2948,18.0,2.0
2949,46.0,1.0
2950,34.0,0.0
2951,28.0,0.0
2952,47.0,0.0
2953,61.0,0.0
2954,48.0,0.0
2955,88.0,1.0
2956,14.0,1.0
2957,28.0,0.0
2958,4.0,0.0
2959,45.0,0.0
2960,9.0,0.0
2961,42.0,1.0
2962,27.0,0.0
2963,86.0,0.0
2964,89.0,4.0
2965,83.0,0.0
2966,29.0,1.0
2967,53.0,1.0
2968,43.0,1.0
2969,79.0,0.0
2970,30.0,2.0
2971,29.0,0.0
2972,40.0,0.0
2973,38.0,0.0
2974,38.0,1.0
2975,53.0,0.0
2976,51.0,0.0
2977,15.0,0.0
2978,39.0,0.0
2979,32.0,0.0
2980,18.0,0.0
2981,47.0,0.0
2982,38.0,0.0
2983,32.0,0.0
2984,78.0,0.0
2985,75.0,0.0
2986,8.0,1.0
2987,61.0,0.0
2988,99.0,0.0
2989,36.0,0.0
2990,2.0,0.0
2991,4.0,1.0
2992,8.0,0.0
2993,2.0,0.0
2994,27.0,0.0
2995,46.0,0.0
2996,78.0,0.0
2997,34.0,1.0
2998,42.0,0.0
2999,98.0,0.0
3000,14.0,1.0
3001,63.0,0.0
3002,13.0,0.0
3003,13.0,0.0
3004,7.0,0.0
3005,94.0,0.0
3006,18.0,0.0
3007,37.0,0.0
3008,35.0,0.0
3009,82.0,0.0
3010,23.0,0.0
3011,40.0,4.0
3012,80.0,1.0
3013,44.0,0.0
3014,68.0,0.0
3015,68.0,1.0
3016,45.0,0.0
3017,39.0,3.0
3018,73.0,0.0
3019,94.0,1.0
3020,89.0,0.0
3021,21.0,1.0
3022,74.0,0.0
3023,36.0,0.0
3024,66.0,1.0
3025,53.0,3.0
3026,96.0,0.0
3027,75.0,0.0
3028,39.0,0.0
3029,58.0,0.0
3030,94.0,0.0
3031,28.0,2.0
3032,37.0,1.0
3033,52.0,0.0
3034,82.0,0.0
3035,89.0,1.0
3036,39.0,0.0
3037,94.0,0.0
3038,92.0,2.0
3039,39.0,0.0
3040,84.0,1.0
3041,94.0,2.0
3042,100.0,1.0
3043,73.0,0.0
3044,47.0,1.0
3045,45.0,1.0
3046,23.0,1.0
3047,75.0,0.0
3048,4.0,5.0
3049,22.0,0.0
3050,15.0,3.0
3051,96.0,0.0
3052,14.0,0.0
3053,77.0,1.0
3054,4.0,0.0
3055,82.0,1.0
3056,69.0,0.0
3057,99.0,5.0
3058,23.0,0.0
3059,41.0,2.0
3060,87.0,1.0
3061,47.0,0.0
3062,68.0,0.0
3063,52.0,1.0
3064,73.0,0.0
3065,66.0,0.0
3066,28.0,1.0
3067,52.0,0.0
3068,27.0,0.0
3069,38.0,3.0
3070,41.0,0.0
3071,18.0,1.0
3072,93.0,1.0
3073,46.0,0.0
3074,80.0,1.0
3075,49.0,0.0
3076,44.0,1.0
3077,14.0,0.0
3078,61.0,0.0
3079,46.0,1.0
3080,88.0,0.0
3081,14.0,1.0
3082,87.0,0.0
3083,7.0,1.0
3084,45.0,0.0
3085,73.0,1.0
3086,93.0,0.0
3087,96.0,0.0
3088,78.0,2.0
3089,27.0,3.0
3090,65.0,0.0
3091,88.0,2.0
3092,74.0,1.0
3093,23.0,2.0
3094,27.0,0.0
3095,46.0,1.0
3096,76.0,0.0
3097,73.0,0.0
3098,86.0,0.0
3099,83.0,1.0
3100,84.0,0.0
3101,89.0,0.0
3102,87.0,0.0
3103,95.0,0.0
3104,29.0,1.0
3105,46.0,2.0
3106,35.0,0.0
3107,35.0,0.0
3108,91.0,0.0
3109,78.0,3.0
3110,95.0,1.0
3111,73.0,0.0
3112,44.0,0.0
3113,94.0,1.0
3114,27.0,0.0
3115,85.0,0.0
3116,35.0,1.0
3117,30.0,1.0
3118,82.0,1.0
3119,37.0,2.0
3120,14.0,0.0
3121,47.0,0.0
3122,97.0,3.0
3123,77.0,0.0
3124,46.0,0.0
3125,14.0,0.0
3126,16.0,0.0
3127,2.0,0.0
3128,68.0,0.0
3129,15.0,2.0
3130,2.0,0.0
3131,39.0,0.0
3132,7.0,0.0
3133,94.0,0.0
3134,88.0,0.0
3135,95.0,0.0
3136,50.0,4.0
3137,39.0,0.0
3138,23.0,1.0
3139,89.0,0.0
3140,9.0,0.0
3141,90.0,3.0
3142,41.0,0.0
3143,97.0,2.0
3144,45.0,1.0
3145,27.0,0.0
3146,13.0,1.0
3147,9.0,0.0
3148,38.0,0.0
3149,57.0,2.0
3150,39.0,0.0
3151,66.0,2.0
3152,39.0,0.0
3153,56.0,1.0
3154,44.0,0.0
3155,51.0,0.0
3156,74.0,0.0
3157,79.0,1.0
3158,38.0,0.0
3159,62.0,1.0
3160,74.0,0.0
3161,100.0,1.0
3162,89.0,0.0
3163,63.0,0.0
3164,80.0,0.0
3165,95.0,1.0
3166,44.0,0.0
3167,45.0,0.0
3168,69.0,5.0
3169,61.0,0.0
3170,78.0,1.0
3171,71.0,2.0
3172,39.0,0.0
3173,28.0,1.0
3174,39.0,1.0
3175,68.0,2.0
3176,28.0,0.0
3177,7.0,0.0
3178,46.0,3.0
3179,94.0,1.0
3180,82.0,3.0
3181,46.0,0.0
3182,45.0,2.0
3183,9.0,0.0
3184,80.0,0.0
3185,45.0,0.0
3186,73.0,0.0
3187,75.0,1.0
3188,45.0,3.0
3189,57.0,2.0
3190,39.0,0.0
3191,15.0,1.0
3192,55.0,2.0
3193,91.0,3.0
3194,66.0,0.0
3195,80.0,3.0
3196,43.0,0.0
3197,51.0,1.0
3198,46.0,0.0
3199,64.0,1.0
3200,95.0,1.0
3201,92.0,0.0
3202,39.0,2.0
3203,100.0,1.0
3204,99.0,0.0
3205,41.0,1.0
3206,55.0,1.0
3207,82.0,0.0
3208,20.0,1.0
3209,56.0,0.0
3210,7.0,2.0
3211,28.0,0.0
3212,88.0,0.0
3213,28.0,0.0
3214,82.0,0.0
3215,83.0,1.0
3216,27.0,0.0
3217,88.0,0.0
3218,75.0,2.0
3219,55.0,0.0
3220,46.0,3.0
3221,14.0,0.0
3222,89.0,0.0
3223,35.0,4.0
3224,51.0,1.0
3225,68.0,1.0
3226,93.0,0.0
3227,80.0,0.0
3228,66.0,0.0
3229,38.0,0.0
3230,53.0,4.0
3231,73.0,2.0
3232,75.0,0.0
3233,20.0,2.0
3234,43.0,1.0
3235,7.0,1.0
3236,53.0,1.0
3237,55.0,2.0
3238,89.0,0.0
3239,27.0,2.0
3240,35.0,3.0
3241,80.0,0.0
3242,14.0,4.0
3243,45.0,0.0
3244,66.0,0.0
3245,51.0,0.0
3246,80.0,1.0
3247,39.0,4.0
3248,78.0,1.0
3249,49.0,2.0
3250,82.0,3.0
3251,38.0,0.0
3252,83.0,1.0
3253,39.0,3.0
3254,74.0,2.0
3255,68.0,4.0
3256,6.0,1.0
3257,57.0,2.0
3258,6.0,0.0
3259,95.0,0.0
3260,89.0,3.0
3261,38.0,0.0
3262,13.0,1.0
3263,74.0,3.0
3264,95.0,3.0
3265,70.0,1.0
3266,61.0,0.0
3267,82.0,1.0
3268,38.0,0.0
3269,88.0,1.0
3270,61.0,1.0
3271,13.0,4.0
3272,9.0,2.0
3273,77.0,1.0
3274,85.0,2.0
3275,8.0,1.0
3276,38.0,1.0
3277,90.0,1.0
3278,23.0,1.0
3279,9.0,1.0
3280,66.0,1.0
3281,63.0,3.0
3282,55.0,0.0
3283,41.0,6.0
3284,21.0,0.0
3285,76.0,2.0
3286,74.0,0.0
3287,29.0,0.0
3288,66.0,3.0
3289,29.0,1.0
3290,78.0,6.0
3291,90.0,0.0
3292,66.0,1.0
3293,20.0,0.0
3294,82.0,2.0
3295,82.0,1.0
3296,57.0,0.0
3297,15.0,0.0
3298,8.0,5.0
3299,49.0,0.0
3300,93.0,0.0
3301,9.0,0.0
3302,22.0,1.0
3303,55.0,2.0
3304,61.0,0.0
3305,14.0,0.0
3306,57.0,2.0
3307,50.0,1.0
3308,22.0,0.0
3309,20.0,1.0
3310,27.0,1.0
3311,36.0,0.0
3312,9.0,4.0
3313,77.0,0.0
3314,66.0,0.0
3315,14.0,2.0
3316,51.0,0.0
3317,66.0,0.0
3318,55.0,0.0
3319,20.0,0.0
3320,95.0,2.0
3321,65.0,3.0
3322,77.0,2.0
3323,27.0,3.0
3324,29.0,0.0
3325,43.0,0.0
3326,89.0,0.0
3327,37.0,0.0
3328,89.0,0.0
3329,92.0,10.0
3330,41.0,0.0
3331,75.0,1.0
3332,65.0,3.0
3333,38.0,4.0
3334,15.0,0.0
3335,20.0,0.0
3336,43.0,1.0
3337,13.0,4.0
3338,38.0,0.0
3339,35.0,2.0
3340,14.0,1.0
3341,80.0,3.0
3342,37.0,1.0
3343,15.0,1.0
3344,92.0,10.0
3345,49.0,1.0
3346,21.0,3.0
3347,58.0,0.0
3348,51.0,1.0
3349,68.0,4.0
3350,34.0,0.0
3351,85.0,3.0
3352,21.0,1.0
3353,64.0,4.0
3354,16.0,1.0
3355,8.0,0.0
3356,28.0,2.0
3357,29.0,0.0
3358,74.0,1.0
3359,68.0,0.0
3360,44.0,2.0
3361,21.0,0.0
3362,61.0,0.0
3363,20.0,0.0
3364,62.0,1.0
3365,95.0,1.0
3366,15.0,0.0
3367,38.0,0.0
3368,98.0,0.0
3369,43.0,0.0
3370,6.0,2.0
3371,51.0,3.0
3372,55.0,0.0
3373,9.0,1.0
3374,15.0,0.0
3375,72.0,4.0
3376,44.0,3.0
3377,57.0,0.0
3378,75.0,3.0
3379,20.0,0.0
3380,42.0,4.0
3381,75.0,5.0
3382,93.0,0.0
3383,61.0,2.0
3384,91.0,1.0
3385,86.0,0.0
3386,74.0,3.0
3387,44.0,3.0
3388,15.0,0.0
3389,23.0,1.0
3390,95.0,0.0
3391,8.0,2.0
3392,41.0,2.0
3393,55.0,7.0
3394,57.0,2.0
3395,100.0,2.0
3396,22.0,4.0
3397,15.0,1.0
3398,34.0,0.0
3399,44.0,0.0
3400,38.0,1.0
3401,83.0,7.0
3402,72.0,0.0
3403,76.0,5.0
3404,89.0,1.0
3405,51.0,0.0
3406,80.0,2.0
3407,7.0,0.0
3408,89.0,4.0
3409,70.0,0.0
3410,35.0,3.0
3411,29.0,0.0
3412,97.0,2.0
3413,68.0,0.0
3414,75.0,1.0
3415,80.0,0.0
3416,7.0,0.0
3417,30.0,4.0
3418,34.0,1.0
3419,38.0,0.0
3420,41.0,0.0
3421,58.0,6.0
3422,48.0,0.0
3423,72.0,2.0
3424,56.0,1.0
3425,6.0,0.0
3426,80.0,0.0
3427,68.0,3.0
3428,9.0,0.0
3429,74.0,2.0
3430,2.0,0.0
3431,14.0,0.0
3432,6.0,0.0
3433,98.0,0.0
3434,35.0,0.0
3435,37.0,1.0
3436,98.0,0.0
3437,38.0,0.0
3438,68.0,1.0
3439,85.0,3.0
3440,2.0,7.0
3441,16.0,2.0
3442,28.0,3.0
3443,83.0,0.0
3444,79.0,4.0
3445,77.0,1.0
3446,44.0,0.0
3447,38.0,1.0
3448,48.0,0.0
3449,51.0,1.0
3450,72.0,3.0
3451,68.0,3.0
3452,38.0,0.0
3453,42.0,2.0
3454,75.0,2.0
3455,63.0,2.0
3456,34.0,1.0
3457,61.0,0.0
3458,80.0,2.0
3459,23.0,1.0
3460,14.0,1.0
3461,85.0,2.0
3462,79.0,3.0
3463,30.0,0.0
3464,6.0,0.0
3465,85.0,7.0
3466,34.0,0.0
3467,6.0,0.0
3468,35.0,2.0
3469,28.0,1.0
3470,75.0,0.0
3471,51.0,4.0
3472,27.0,6.0
3473,28.0,1.0
3474,49.0,0.0
3475,74.0,0.0
3476,2.0,2.0
3477,71.0,2.0
3478,38.0,0.0
3479,57.0,2.0
3480,83.0,1.0
3481,20.0,1.0
3482,34.0,0.0
3483,20.0,7.0
3484,74.0,2.0
3485,6.0,1.0
3486,37.0,0.0
3487,83.0,0.0
3488,78.0,1.0
3489,85.0,0.0
3490,14.0,3.0
3491,64.0,2.0
3492,80.0,2.0
3493,28.0,0.0
3494,97.0,2.0
3495,49.0,2.0
3496,86.0,0.0
3497,2.0,2.0
3498,79.0,1.0
3499,28.0,4.0
3500,14.0,0.0
3501,13.0,0.0
3502,74.0,1.0
3503,51.0,3.0
3504,6.0,2.0
3505,16.0,3.0
3506,2.0,2.0
3507,64.0,2.0
3508,92.0,2.0
3509,63.0,1.0
3510,15.0,1.0
3511,49.0,2.0
3512,20.0,4.0
3513,28.0,2.0
3514,14.0,5.0
3515,80.0,2.0
3516,80.0,0.0
3517,28.0,0.0
3518,51.0,3.0
3519,62.0,3.0
3520,23.0,0.0
3521,36.0,0.0
3522,65.0,1.0
3523,28.0,1.0
3524,8.0,0.0
3525,34.0,0.0
3526,90.0,0.0
3527,55.0,1.0
3528,28.0,1.0
3529,65.0,1.0
3530,49.0,2.0
3531,58.0,3.0
3532,23.0,2.0
3533,23.0,5.0
3534,13.0,2.0
3535,28.0,0.0
3536,21.0,1.0
3537,23.0,3.0
3538,13.0,0.0
3539,93.0,0.0
3540,23.0,0.0
3541,21.0,4.0
3542,78.0,2.0
3543,34.0,3.0
3544,57.0,0.0
3545,76.0,0.0
3546,58.0,0.0
3547,49.0,5.0
3548,84.0,0.0
3549,68.0,2.0
3550,29.0,0.0
3551,80.0,5.0
3552,14.0,0.0
3553,68.0,1.0
3554,13.0,0.0
3555,92.0,10.0
3556,22.0,1.0
3557,42.0,3.0
3558,27.0,0.0
3559,70.0,10.0
3560,14.0,3.0
3561,78.0,1.0
3562,9.0,2.0
3563,36.0,0.0
3564,15.0,3.0
3565,22.0,0.0
3566,77.0,2.0
3567,29.0,0.0
3568,27.0,1.0
3569,2.0,1.0
3570,100.0,0.0
3571,21.0,0.0
3572,42.0,2.0
3573,14.0,0.0
3574,71.0,1.0
3575,97.0,1.0
3576,61.0,0.0
3577,92.0,5.0
3578,80.0,1.0
3579,93.0,0.0
3580,58.0,5.0
3581,29.0,1.0
3582,8.0,0.0
3583,49.0,1.0
3584,21.0,2.0
3585,72.0,0.0
3586,65.0,4.0
3587,48.0,1.0
3588,30.0,1.0
3589,58.0,4.0
3590,61.0,1.0
3591,61.0,1.0
3592,8.0,0.0
3593,42.0,0.0
3594,65.0,2.0
3595,61.0,3.0
3596,15.0,8.0
3597,80.0,0.0
3598,20.0,5.0
3599,57.0,1.0
3600,8.0,2.0
3601,84.0,1.0
3602,8.0,0.0
3603,99.0,4.0
3604,23.0,7.0
3605,55.0,1.0
3606,9.0,0.0
3607,16.0,3.0
3608,63.0,0.0
3609,23.0,1.0
3610,9.0,4.0
3611,2.0,4.0
3612,57.0,5.0
3613,79.0,2.0
3614,6.0,1.0
3615,13.0,1.0
3616,83.0,0.0
3617,84.0,0.0
3618,78.0,3.0
3619,61.0,2.0
3620,61.0,0.0
3621,29.0,2.0
3622,80.0,3.0
3623,8.0,2.0
3624,77.0,0.0
3625,23.0,1.0
3626,43.0,0.0
3627,22.0,4.0
3628,28.0,0.0
3629,49.0,1.0
3630,61.0,0.0
3631,35.0,0.0
3632,92.0,10.0
3633,34.0,6.0
3634,16.0,0.0
3635,30.0,0.0
3636,58.0,3.0
3637,70.0,3.0
3638,15.0,8.0
3639,36.0,7.0
3640,77.0,1.0
3641,76.0,0.0
3642,6.0,1.0
3643,48.0,6.0
3644,51.0,4.0
3645,85.0,5.0
3646,50.0,3.0
3647,63.0,3.0
3648,36.0,1.0
3649,20.0,2.0
3650,21.0,3.0
3651,8.0,3.0
3652,28.0,0.0
3653,56.0,8.0
3654,80.0,2.0
3655,14.0,3.0
3656,16.0,3.0
3657,22.0,0.0
3658,22.0,2.0
3659,43.0,2.0
3660,36.0,0.0
3661,2.0,0.0
3662,48.0,1.0
3663,13.0,2.0
3664,15.0,4.0
3665,9.0,2.0
3666,35.0,4.0
3667,7.0,2.0
3668,86.0,1.0
3669,48.0,0.0
3670,55.0,1.0
3671,68.0,1.0
3672,92.0,10.0
3673,86.0,3.0
3674,2.0,5.0
3675,51.0,0.0
3676,93.0,4.0
3677,78.0,4.0
3678,14.0,0.0
3679,21.0,0.0
3680,90.0,1.0
3681,7.0,5.0
3682,57.0,0.0
3683,16.0,0.0
3684,42.0,0.0
3685,34.0,4.0
3686,58.0,0.0
3687,85.0,0.0
3688,43.0,1.0
3689,20.0,3.0
3690,8.0,2.0
3691,49.0,6.0
3692,69.0,3.0
3693,28.0,2.0
3694,34.0,5.0
3695,68.0,0.0
3696,13.0,4.0
3697,98.0,2.0
3698,64.0,5.0
3699,93.0,3.0
3700,51.0,2.0
3701,50.0,0.0
3702,62.0,8.0
3703,27.0,2.0
3704,62.0,6.0
3705,27.0,2.0
3706,35.0,1.0
3707,16.0,0.0
3708,16.0,0.0
3709,30.0,0.0
3710,69.0,1.0
3711,76.0,2.0
3712,14.0,7.0
3713,16.0,3.0
3714,44.0,0.0
3715,6.0,5.0
3716,28.0,1.0
3717,84.0,1.0
3718,100.0,1.0
3719,29.0,0.0
3720,84.0,2.0
3721,62.0,0.0
3722,56.0,3.0
3723,28.0,6.0
3724,84.0,1.0
3725,58.0,6.0
3726,83.0,3.0
3727,57.0,0.0
3728,13.0,1.0
3729,99.0,0.0
3730,41.0,6.0
3731,36.0,0.0
3732,35.0,1.0
3733,85.0,0.0
3734,28.0,4.0
3735,21.0,1.0
3736,6.0,0.0
3737,51.0,7.0
3738,7.0,4.0
3739,90.0,0.0
3740,29.0,6.0
3741,91.0,4.0
3742,58.0,1.0
3743,44.0,2.0
3744,72.0,5.0
3745,92.0,3.0
3746,6.0,3.0
3747,43.0,2.0
3748,78.0,2.0
3749,85.0,6.0
3750,15.0,0.0
3751,21.0,3.0
3752,36.0,0.0
3753,21.0,1.0
3754,85.0,2.0
3755,22.0,0.0
3756,36.0,1.0
3757,9.0,1.0
3758,69.0,5.0
3759,55.0,4.0
3760,100.0,5.0
3761,22.0,0.0
3762,9.0,5.0
3763,34.0,1.0
3764,41.0,1.0
3765,62.0,0.0
3766,70.0,10.0
3767,35.0,0.0
3768,41.0,0.0
3769,58.0,2.0
3770,6.0,3.0
3771,29.0,3.0
3772,69.0,6.0
3773,51.0,1.0
3774,22.0,0.0
3775,20.0,0.0
3776,58.0,2.0
3777,16.0,0.0
3778,50.0,4.0
3779,14.0,4.0
3780,64.0,1.0
3781,58.0,0.0
3782,65.0,1.0
3783,76.0,3.0
3784,28.0,2.0
3785,28.0,5.0
3786,41.0,1.0
3787,55.0,3.0
3788,28.0,2.0
3789,78.0,3.0
3790,92.0,10.0
3791,43.0,1.0
3792,77.0,0.0
3793,43.0,0.0
3794,7.0,3.0
3795,20.0,0.0
3796,86.0,1.0
3797,13.0,0.0
3798,20.0,3.0
3799,21.0,4.0
3800,78.0,2.0
3801,57.0,3.0
3802,36.0,0.0
3803,22.0,3.0
3804,56.0,0.0
3805,71.0,10.0
3806,55.0,1.0
3807,8.0,0.0
3808,30.0,4.0
3809,20.0,3.0
3810,85.0,1.0
3811,7.0,0.0
3812,84.0,5.0
3813,49.0,2.0
3814,97.0,2.0
3815,70.0,0.0
3816,35.0,0.0
3817,29.0,1.0
3818,2.0,3.0
3819,91.0,0.0
3820,30.0,6.0
3821,36.0,1.0
3822,35.0,2.0
3823,2.0,5.0
3824,72.0,2.0
3825,99.0,1.0
3826,76.0,1.0
3827,34.0,0.0
3828,85.0,3.0
3829,16.0,2.0
3830,8.0,0.0
3831,70.0,10.0
3832,16.0,3.0
3833,92.0,10.0
3834,9.0,2.0
3835,71.0,10.0
3836,41.0,0.0
3837,90.0,8.0
3838,63.0,0.0
3839,30.0,1.0
3840,35.0,0.0
3841,15.0,1.0
3842,50.0,4.0
3843,22.0,2.0
3844,85.0,0.0
3845,42.0,0.0
3846,7.0,3.0
3847,6.0,1.0
3848,29.0,2.0
3849,100.0,7.0
3850,56.0,1.0
3851,30.0,1.0
3852,34.0,0.0
3853,50.0,1.0
3854,7.0,0.0
3855,29.0,2.0
3856,90.0,1.0
3857,69.0,1.0
3858,49.0,1.0
3859,9.0,4.0
3860,29.0,1.0
3861,69.0,2.0
3862,41.0,0.0
3863,2.0,5.0
3864,76.0,3.0
3865,79.0,10.0
3866,84.0,3.0
3867,49.0,0.0
3868,28.0,6.0
3869,9.0,0.0
3870,29.0,0.0
3871,50.0,1.0
3872,16.0,0.0
3873,97.0,3.0
3874,34.0,1.0
3875,7.0,5.0
3876,28.0,0.0
3877,48.0,2.0
3878,91.0,0.0
3879,36.0,2.0
3880,6.0,0.0
3881,78.0,4.0
3882,63.0,3.0
3883,14.0,1.0
3884,58.0,0.0
3885,9.0,0.0
3886,63.0,0.0
3887,15.0,0.0
3888,30.0,0.0
3889,55.0,0.0
3890,55.0,2.0
3891,37.0,1.0
3892,70.0,10.0
3893,15.0,7.0
3894,100.0,2.0
3895,7.0,2.0
3896,20.0,0.0
3897,43.0,2.0
3898,8.0,6.0
3899,15.0,4.0
3900,49.0,0.0
3901,79.0,10.0
3902,21.0,5.0
3903,6.0,0.0
3904,20.0,3.0
3905,58.0,1.0
3906,64.0,1.0
3907,43.0,2.0
3908,92.0,1.0
3909,29.0,5.0
3910,49.0,0.0
3911,58.0,1.0
3912,22.0,1.0
3913,99.0,0.0
3914,16.0,3.0
3915,35.0,2.0
3916,35.0,5.0
3917,71.0,10.0
3918,70.0,10.0
3919,15.0,0.0
3920,90.0,1.0
3921,58.0,1.0
3922,51.0,0.0
3923,70.0,6.0
3924,22.0,1.0
3925,51.0,4.0
3926,58.0,8.0
3927,21.0,3.0
3928,37.0,0.0
3929,78.0,4.0
3930,69.0,6.0
3931,21.0,5.0
3932,90.0,0.0
3933,63.0,3.0
3934,42.0,0.0
3935,28.0,3.0
3936,22.0,7.0
3937,55.0,0.0
3938,20.0,0.0
3939,7.0,0.0
3940,29.0,1.0
3941,79.0,10.0
3942,8.0,5.0
3943,13.0,3.0
3944,69.0,5.0
3945,21.0,1.0
3946,29.0,0.0
3947,91.0,8.0
3948,86.0,10.0
3949,86.0,7.0
3950,14.0,3.0
3951,16.0,1.0
3952,70.0,10.0
3953,76.0,4.0
3954,57.0,3.0
3955,22.0,1.0
3956,77.0,1.0
3957,55.0,1.0
3958,42.0,4.0
3959,37.0,0.0
3960,15.0,0.0
3961,21.0,0.0
3962,6.0,3.0
3963,14.0,0.0
3964,44.0,3.0
3965,97.0,0.0
3966,42.0,0.0
3967,48.0,3.0
3968,7.0,0.0
3969,51.0,1.0
3970,48.0,2.0
3971,77.0,5.0
3972,14.0,4.0
3973,13.0,5.0
3974,79.0,4.0
3975,9.0,0.0
3976,43.0,0.0
3977,9.0,1.0
3978,97.0,3.0
3979,57.0,2.0
3980,50.0,6.0
3981,84.0,0.0
3982,7.0,0.0
3983,48.0,1.0
3984,51.0,1.0
3985,65.0,0.0
3986,50.0,0.0
3987,99.0,2.0
3988,21.0,0.0
3989,72.0,10.0
3990,84.0,5.0
3991,97.0,1.0
3992,37.0,3.0
3993,6.0,1.0
3994,28.0,7.0
3995,37.0,0.0
3996,92.0,0.0
3997,16.0,0.0
3998,20.0,8.0
3999,7.0,2.0
4000,42.0,4.0
4001,22.0,4.0
4002,6.0,4.0
4003,20.0,0.0
4004,15.0,5.0
4005,30.0,1.0
4006,86.0,5.0
4007,7.0,2.0
4008,64.0,0.0
4009,71.0,10.0
4010,30.0,4.0
4011,21.0,1.0
4012,49.0,0.0
4013,7.0,4.0
4014,93.0,10.0
4015,69.0,4.0
4016,99.0,0.0
4017,22.0,0.0
4018,7.0,0.0
4019,15.0,6.0
4020,8.0,0.0
4021,51.0,0.0
4022,77.0,0.0
4023,36.0,1.0
4024,85.0,1.0
4025,98.0,2.0
4026,22.0,3.0
4027,79.0,10.0
4028,50.0,2.0
4029,63.0,5.0
4030,20.0,5.0
4031,34.0,1.0
4032,13.0,1.0
4033,56.0,0.0
4034,77.0,3.0
4035,8.0,1.0
4036,41.0,2.0
4037,28.0,1.0
4038,65.0,1.0
4039,28.0,3.0
4040,34.0,1.0
4041,7.0,1.0
4042,44.0,0.0
4043,20.0,0.0
4044,21.0,0.0
4045,37.0,2.0
4046,15.0,8.0
4047,7.0,1.0
4048,42.0,0.0
4049,8.0,4.0
4050,41.0,2.0
4051,13.0,0.0
4052,30.0,2.0
4053,34.0,3.0
4054,51.0,0.0
4055,86.0,1.0
4056,76.0,4.0
4057,78.0,3.0
4058,48.0,0.0
4059,16.0,4.0
4060,13.0,0.0
4061,21.0,1.0
4062,70.0,4.0
4063,9.0,8.0
4064,8.0,0.0
4065,42.0,3.0
4066,8.0,5.0
4067,8.0,1.0
4068,79.0,5.0
4069,6.0,3.0
4070,48.0,0.0
4071,41.0,7.0
4072,56.0,5.0
4073,44.0,0.0
4074,72.0,10.0
4075,16.0,4.0
4076,9.0,8.0
4077,7.0,8.0
4078,50.0,1.0
4079,84.0,2.0
4080,35.0,1.0
4081,44.0,0.0
4082,30.0,4.0
4083,8.0,2.0
4084,65.0,3.0
4085,44.0,0.0
4086,76.0,1.0
4087,30.0,0.0
4088,58.0,2.0
4089,13.0,3.0
4090,7.0,1.0
4091,83.0,8.0
4092,6.0,3.0
4093,70.0,5.0
4094,28.0,2.0
4095,76.0,1.0
4096,63.0,6.0
4097,91.0,8.0
4098,62.0,7.0
4099,22.0,2.0
4100,16.0,2.0
4101,50.0,3.0
4102,9.0,0.0
4103,37.0,1.0
4104,76.0,5.0
4105,37.0,1.0
4106,71.0,10.0
4107,6.0,3.0
4108,13.0,4.0
4109,51.0,0.0
4110,69.0,6.0
4111,86.0,5.0
4112,35.0,1.0
4113,100.0,4.0
4114,79.0,10.0
4115,8.0,5.0
4116,51.0,1.0
4117,63.0,0.0
4118,6.0,3.0
4119,8.0,0.0
4120,58.0,2.0
4121,84.0,3.0
4122,44.0,0.0
4123,42.0,0.0
4124,69.0,7.0
4125,58.0,7.0
4126,16.0,8.0
4127,20.0,4.0
4128,22.0,0.0
4129,51.0,0.0
4130,55.0,2.0
4131,69.0,0.0
4132,91.0,0.0
4133,8.0,8.0
4134,55.0,3.0
4135,8.0,2.0
4136,49.0,1.0
4137,42.0,2.0
4138,22.0,6.0
4139,62.0,8.0
4140,57.0,4.0
4141,35.0,3.0
4142,22.0,3.0
4143,90.0,5.0
4144,21.0,0.0
4145,13.0,4.0
4146,35.0,2.0
4147,43.0,6.0
4148,41.0,0.0
4149,49.0,7.0
4150,57.0,7.0
4151,58.0,1.0
4152,51.0,0.0
4153,98.0,7.0
4154,13.0,1.0
4155,92.0,10.0
4156,36.0,2.0
4157,42.0,0.0
4158,50.0,5.0
4159,93.0,10.0
4160,36.0,3.0
4161,64.0,10.0
4162,99.0,6.0
4163,36.0,2.0
4164,90.0,0.0
4165,79.0,10.0
4166,76.0,0.0
4167,93.0,2.0
4168,98.0,3.0
4169,71.0,0.0
4170,13.0,0.0
4171,57.0,0.0
4172,42.0,2.0
4173,72.0,2.0
4174,20.0,3.0
4175,93.0,7.0
4176,86.0,5.0
4177,42.0,0.0
4178,58.0,3.0
4179,69.0,3.0
4180,58.0,3.0
4181,76.0,5.0
4182,9.0,4.0
4183,22.0,1.0
4184,51.0,4.0
4185,6.0,2.0
4186,36.0,2.0
4187,97.0,0.0
4188,79.0,10.0
4189,48.0,0.0
4190,13.0,5.0
4191,64.0,10.0
4192,62.0,0.0
4193,56.0,4.0
4194,56.0,0.0
4195,22.0,3.0
4196,79.0,10.0
4197,56.0,8.0
4198,62.0,6.0
4199,71.0,5.0
4200,55.0,0.0
4201,22.0,3.0
4202,6.0,6.0
4203,83.0,10.0
4204,6.0,4.0
4205,92.0,10.0
4206,34.0,1.0
4207,69.0,2.0
4208,72.0,10.0
4209,83.0,0.0
4210,44.0,3.0
4211,57.0,1.0
4212,37.0,5.0
4213,85.0,0.0
4214,71.0,4.0
4215,58.0,0.0
4216,79.0,10.0
4217,62.0,0.0
4218,51.0,2.0
4219,76.0,7.0
4220,20.0,0.0
4221,22.0,8.0
4222,43.0,0.0
4223,48.0,1.0
4224,86.0,3.0
4225,62.0,4.0
4226,49.0,4.0
4227,13.0,2.0
4228,44.0,2.0
4229,86.0,2.0
4230,35.0,4.0
4231,100.0,8.0
4232,42.0,1.0
4233,30.0,2.0
4234,21.0,0.0
4235,30.0,3.0
4236,99.0,10.0
4237,35.0,6.0
4238,13.0,4.0
4239,84.0,0.0
4240,69.0,2.0
4241,42.0,4.0
4242,84.0,6.0
4243,79.0,2.0
4244,65.0,2.0
4245,79.0,7.0
4246,22.0,2.0
4247,92.0,10.0
4248,63.0,1.0
4249,48.0,1.0
4250,93.0,8.0
4251,49.0,3.0
4252,30.0,3.0
4253,86.0,0.0
4254,58.0,2.0
4255,34.0,0.0
4256,6.0,0.0
4257,86.0,1.0
4258,56.0,0.0
4259,57.0,2.0
4260,77.0,0.0
4261,30.0,2.0
4262,64.0,10.0
4263,78.0,1.0
4264,97.0,4.0
4265,56.0,1.0
4266,34.0,5.0
4267,98.0,3.0
4268,90.0,7.0
4269,76.0,2.0
4270,34.0,0.0
4271,41.0,0.0
4272,41.0,1.0
4273,22.0,1.0
4274,85.0,4.0
4275,21.0,0.0
4276,36.0,1.0
4277,41.0,3.0
4278,100.0,6.0
4279,21.0,2.0
4280,41.0,0.0
4281,93.0,6.0
4282,36.0,8.0
4283,78.0,4.0
4284,34.0,1.0
4285,20.0,2.0
4286,70.0,10.0
4287,83.0,7.0
4288,51.0,1.0
4289,72.0,3.0
4290,13.0,1.0
4291,55.0,7.0
4292,99.0,4.0
4293,58.0,0.0
4294,70.0,10.0
4295,49.0,4.0
4296,98.0,3.0
4297,56.0,1.0
4298,58.0,2.0
4299,35.0,0.0
4300,9.0,2.0
4301,62.0,5.0
4302,49.0,8.0
4303,35.0,1.0
4304,13.0,0.0
4305,64.0,10.0
4306,70.0,6.0
4307,20.0,0.0
4308,71.0,10.0
4309,21.0,8.0
4310,98.0,4.0
4311,20.0,0.0
4312,86.0,1.0
4313,79.0,3.0
4314,56.0,2.0
4315,56.0,1.0
4316,57.0,2.0
4317,92.0,10.0
4318,35.0,1.0
4319,13.0,1.0
4320,55.0,4.0
4321,6.0,4.0
4322,50.0,4.0
4323,69.0,0.0
4324,48.0,8.0
4325,99.0,10.0
4326,42.0,0.0
4327,13.0,6.0
4328,72.0,10.0
4329,44.0,1.0
4330,44.0,4.0
4331,35.0,2.0
4332,13.0,1.0
4333,99.0,0.0
4334,64.0,10.0
4335,57.0,1.0
4336,21.0,3.0
4337,83.0,10.0
4338,22.0,1.0
4339,84.0,4.0
4340,97.0,3.0
4341,91.0,0.0
4342,41.0,2.0
4343,34.0,2.0
4344,22.0,6.0
4345,44.0,5.0
4346,71.0,10.0
4347,71.0,7.0
4348,21.0,2.0
4349,56.0,1.0
4350,49.0,1.0
4351,9.0,5.0
4352,6.0,0.0
4353,55.0,0.0
4354,22.0,2.0
4355,85.0,3.0
4356,6.0,5.0
4357,65.0,10.0
4358,50.0,1.0
4359,49.0,1.0
4360,48.0,1.0
4361,22.0,6.0
4362,93.0,10.0
4363,84.0,0.0
4364,21.0,0.0
4365,30.0,0.0
4366,35.0,5.0
4367,92.0,3.0
4368,99.0,7.0
4369,72.0,5.0
4370,71.0,1.0
4371,48.0,4.0
4372,50.0,4.0
4373,48.0,4.0
4374,57.0,2.0
4375,48.0,1.0
4376,36.0,0.0
4377,41.0,4.0
4378,50.0,2.0
4379,6.0,3.0
4380,44.0,2.0
4381,21.0,7.0
4382,43.0,7.0
4383,48.0,0.0
4384,21.0,0.0
4385,51.0,0.0
4386,30.0,1.0
4387,21.0,2.0
4388,83.0,3.0
4389,35.0,1.0
4390,9.0,3.0
4391,9.0,1.0
4392,50.0,5.0
4393,76.0,5.0
4394,43.0,0.0
4395,70.0,10.0
4396,49.0,5.0
4397,63.0,10.0
4398,83.0,2.0
4399,44.0,6.0
4400,55.0,7.0
4401,63.0,5.0
4402,86.0,0.0
4403,30.0,1.0
4404,51.0,2.0
4405,62.0,2.0
4406,69.0,4.0
4407,6.0,2.0
4408,64.0,2.0
4409,36.0,6.0
4410,21.0,3.0
4411,72.0,10.0
4412,91.0,0.0
4413,51.0,2.0
4414,37.0,2.0
4415,43.0,5.0
4416,30.0,0.0
4417,37.0,3.0
4418,41.0,0.0
4419,30.0,6.0
4420,35.0,4.0
4421,30.0,1.0
4422,69.0,0.0
4423,86.0,0.0
4424,77.0,7.0
4425,79.0,0.0
4426,93.0,10.0
4427,41.0,6.0
4428,9.0,0.0
4429,83.0,0.0
4430,64.0,5.0
4431,30.0,2.0
4432,71.0,8.0
4433,65.0,10.0
4434,44.0,1.0
4435,43.0,5.0
4436,92.0,8.0
4437,63.0,3.0
4438,43.0,2.0
4439,62.0,2.0
4440,41.0,2.0
4441,70.0,10.0
4442,72.0,0.0
4443,34.0,4.0
4444,44.0,5.0
4445,37.0,5.0
4446,91.0,2.0
4447,91.0,8.0
4448,93.0,3.0
4449,77.0,5.0
4450,56.0,3.0
4451,100.0,10.0
4452,97.0,10.0
4453,99.0,10.0
4454,70.0,10.0
4455,90.0,10.0
4456,65.0,10.0
4457,79.0,10.0
4458,92.0,10.0
4459,63.0,10.0
4460,98.0,10.0
4461,100.0,10.0
4462,93.0,10.0
4463,97.0,10.0
4464,99.0,10.0
4465,72.0,10.0
4466,98.0,10.0
4467,100.0,10.0
4468,63.0,10.0
4469,65.0,10.0
4470,70.0,10.0
4471,71.0,10.0
4472,90.0,10.0
4473,92.0,10.0
4474,64.0,10.0
4475,72.0,10.0
4476,79.0,10.0
4477,99.0,10.0
4478,72.0,10.0
4479,79.0,10.0
4480,93.0,10.0
4481,97.0,10.0
4482,63.0,10.0
4483,65.0,10.0
4484,76.0,10.0
4485,83.0,10.0
4486,98.0,10.0
4487,64.0,10.0
4488,71.0,10.0
4489,90.0,10.0
4490,91.0,10.0
4491,72.0,10.0
4492,92.0,10.0
4493,100.0,10.0
4494,70.0,10.0
4495,79.0,10.0
4496,91.0,10.0
4497,97.0,10.0
4498,99.0,10.0
4499,64.0,10.0
4500,65.0,10.0
4501,93.0,10.0
4502,98.0,10.0
4503,71.0,10.0
4504,76.0,10.0
4505,83.0,10.0
4506,99.0,10.0
4507,63.0,10.0
4508,72.0,10.0
4509,92.0,10.0
4510,65.0,10.0
4511,91.0,10.0
4512,97.0,10.0
4513,70.0,10.0
4514,71.0,10.0
4515,79.0,10.0
4516,84.0,10.0
4517,90.0,10.0
4518,98.0,10.0
4519,100.0,10.0
4520,64.0,10.0
4521,76.0,10.0
4522,93.0,10.0
4523,99.0,10.0
4524,71.0,10.0
4525,83.0,10.0
4526,100.0,10.0
4527,62.0,10.0
4528,63.0,10.0
4529,65.0,10.0
4530,70.0,10.0
4531,78.0,10.0
4532,84.0,10.0
4533,91.0,10.0
4534,92.0,10.0
4535,71.0,10.0
4536,76.0,10.0
4537,97.0,10.0
4538,62.0,10.0
4539,78.0,10.0
4540,79.0,10.0
4541,83.0,10.0
4542,99.0,10.0
4543,70.0,10.0
4544,72.0,10.0
4545,76.0,10.0
4546,91.0,10.0
4547,98.0,10.0
4548,65.0,10.0
4549,79.0,10.0
4550,84.0,10.0
4551,93.0,10.0
4552,63.0,10.0
4553,64.0,10.0
4554,76.0,10.0
4555,78.0,10.0
4556,90.0,10.0
4557,100.0,10.0
4558,72.0,10.0
4559,83.0,10.0
4560,84.0,10.0
4561,86.0,10.0
4562,92.0,10.0
4563,93.0,10.0
4564,97.0,10.0
4565,70.0,10.0
4566,71.0,10.0
4567,98.0,10.0
4568,100.0,10.0
4569,63.0,10.0
4570,79.0,10.0
4571,91.0,10.0
4572,93.0,10.0
4573,62.0,10.0
4574,83.0,10.0
4575,90.0,10.0
4576,98.0,10.0
4577,63.0,10.0
4578,72.0,10.0
4579,78.0,10.0
4580,92.0,10.0
4581,97.0,10.0
4582,99.0,10.0
4583,100.0,10.0
4584,64.0,10.0
4585,65.0,10.0
4586,70.0,10.0
4587,71.0,10.0
4588,76.0,10.0
4589,79.0,10.0
4590,86.0,10.0
4591,90.0,10.0
4592,91.0,10.0
4593,72.0,10.0
4594,78.0,10.0
4595,92.0,10.0
4596,93.0,10.0
4597,97.0,10.0
4598,30.0,7.0
4599,99.0,10.0
4600,62.0,10.0
4601,6.0,0.0
4602,97.0,6.0
4603,34.0,4.0
4604,78.0,3.0
4605,6.0,3.0
4606,77.0,0.0
4607,43.0,6.0
4608,57.0,7.0
4609,6.0,0.0
4610,78.0,0.0
4611,21.0,2.0
4612,85.0,6.0
4613,70.0,3.0
4614,86.0,1.0
4615,57.0,4.0
4616,90.0,1.0
4617,21.0,4.0
4618,6.0,5.0
4619,85.0,2.0
4620,43.0,2.0
4621,43.0,8.0
4622,55.0,0.0
4623,86.0,8.0
4624,79.0,2.0
4625,35.0,7.0
4626,71.0,10.0
4627,100.0,10.0
4628,63.0,10.0
4629,100.0,0.0
4630,56.0,7.0
4631,37.0,7.0
4632,43.0,6.0
4633,50.0,1.0
4634,51.0,2.0
4635,41.0,7.0
4636,99.0,1.0
4637,30.0,2.0
4638,62.0,1.0
4639,71.0,1.0
4640,83.0,10.0
4641,78.0,2.0
4642,6.0,0.0
4643,51.0,0.0
4644,84.0,10.0
4645,97.0,7.0
4646,78.0,1.0
4647,35.0,0.0
4648,98.0,3.0
4649,6.0,8.0
4650,100.0,3.0
4651,35.0,0.0
4652,6.0,5.0
4653,30.0,7.0
4654,69.0,2.0
4655,64.0,10.0
4656,48.0,5.0
4657,41.0,1.0
4658,64.0,1.0
4659,43.0,6.0
4660,42.0,5.0
4661,72.0,6.0
4662,37.0,3.0
4663,50.0,3.0
4664,57.0,5.0
4665,43.0,1.0
4666,93.0,3.0
4667,56.0,2.0
4668,44.0,6.0
4669,37.0,2.0
4670,30.0,8.0
4671,35.0,4.0
4672,57.0,2.0
4673,50.0,4.0
4674,69.0,2.0
4675,43.0,0.0
4676,78.0,0.0
4677,76.0,10.0
4678,70.0,10.0
4679,76.0,10.0
4680,51.0,1.0
4681,86.0,1.0
4682,99.0,1.0
4683,41.0,1.0
4684,36.0,0.0
4685,85.0,4.0
4686,77.0,10.0
4687,72.0,5.0
4688,90.0,10.0
4689,36.0,1.0
4690,91.0,10.0
4691,77.0,4.0
4692,55.0,2.0
4693,85.0,2.0
4694,63.0,10.0
4695,41.0,3.0
4696,50.0,1.0
4697,42.0,4.0
4698,83.0,10.0
4699,79.0,0.0
4700,48.0,3.0
4701,41.0,8.0
4702,86.0,2.0
4703,79.0,3.0
4704,41.0,2.0
4705,36.0,2.0
4706,92.0,10.0
4707,37.0,5.0
4708,55.0,2.0
4709,65.0,10.0
4710,84.0,10.0
4711,51.0,0.0
4712,44.0,3.0
4713,57.0,6.0
4714,93.0,1.0
4715,70.0,7.0
4716,71.0,10.0
4717,56.0,7.0
4718,77.0,6.0
4719,91.0,10.0
4720,37.0,2.0
4721,63.0,10.0
4722,41.0,0.0
4723,83.0,10.0
4724,90.0,10.0
4725,98.0,10.0
4726,48.0,7.0
4727,83.0,4.0
4728,44.0,2.0
4729,85.0,2.0
4730,50.0,0.0
4731,70.0,8.0
4732,78.0,4.0
4733,64.0,10.0
4734,37.0,0.0
4735,64.0,3.0
4736,79.0,0.0
4737,76.0,10.0
4738,83.0,1.0
4739,97.0,8.0
4740,78.0,7.0
4741,65.0,3.0
4742,98.0,1.0
4743,42.0,3.0
4744,84.0,1.0
4745,55.0,0.0
4746,91.0,10.0
4747,42.0,4.0
4748,37.0,1.0
4749,36.0,5.0
4750,92.0,10.0
4751,86.0,6.0
4752,37.0,0.0
4753,99.0,10.0
4754,62.0,10.0
4755,64.0,10.0
4756,42.0,0.0
4757,72.0,3.0
4758,93.0,10.0
4759,76.0,10.0
4760,57.0,4.0
4761,42.0,6.0
4762,55.0,1.0
4763,55.0,3.0
4764,83.0,6.0
4765,76.0,7.0
4766,62.0,10.0
4767,76.0,8.0
4768,42.0,2.0
4769,69.0,10.0
4770,36.0,2.0
4771,84.0,10.0
4772,90.0,10.0
4773,90.0,3.0
4774,63.0,10.0
4775,97.0,3.0
4776,71.0,10.0
4777,93.0,4.0
4778,86.0,1.0
4779,92.0,0.0
4780,79.0,3.0
4781,99.0,10.0
4782,79.0,0.0
4783,64.0,3.0
4784,34.0,2.0
4785,42.0,0.0
4786,62.0,8.0
4787,91.0,10.0
4788,85.0,3.0
4789,37.0,6.0
4790,78.0,0.0
4791,100.0,10.0
4792,77.0,8.0
4793,69.0,10.0
4794,48.0,5.0
4795,62.0,1.0
4796,44.0,5.0
4797,64.0,5.0
4798,98.0,2.0
4799,57.0,2.0
4800,77.0,3.0
4801,37.0,3.0
4802,69.0,4.0
4803,91.0,0.0
4804,55.0,6.0
4805,93.0,8.0
4806,48.0,6.0
4807,85.0,4.0
4808,62.0,1.0
4809,48.0,6.0
4810,44.0,5.0
4811,72.0,10.0
4812,44.0,8.0
4813,100.0,7.0
4814,50.0,1.0
4815,90.0,10.0
4816,77.0,3.0
4817,55.0,2.0
4818,69.0,8.0
4819,65.0,10.0
4820,62.0,1.0
4821,70.0,10.0
4822,71.0,10.0
4823,90.0,8.0
4824,84.0,10.0
4825,92.0,10.0
4826,99.0,10.0
4827,44.0,0.0
4828,97.0,10.0
4829,78.0,5.0
4830,63.0,10.0
4831,42.0,2.0
4832,76.0,10.0
4833,44.0,4.0
4834,70.0,2.0
4835,65.0,10.0
4836,57.0,4.0
4837,71.0,5.0
4838,71.0,5.0
4839,36.0,3.0
4840,91.0,10.0
4841,57.0,3.0
4842,70.0,3.0
4843,36.0,8.0
4844,100.0,10.0
4845,72.0,10.0
4846,83.0,10.0
4847,92.0,1.0
4848,42.0,1.0
4849,57.0,3.0
4850,84.0,10.0
4851,99.0,10.0
4852,85.0,7.0
4853,97.0,10.0
4854,56.0,0.0
4855,34.0,8.0
4856,86.0,0.0
4857,63.0,10.0
4858,56.0,0.0
4859,69.0,10.0
4860,36.0,5.0
4861,76.0,10.0
4862,84.0,10.0
4863,98.0,10.0
4864,93.0,7.0
4865,62.0,5.0
4866,64.0,10.0
4867,79.0,6.0
4868,65.0,7.0
4869,90.0,10.0
4870,34.0,3.0
4871,37.0,7.0
4872,90.0,0.0
4873,86.0,6.0
4874,37.0,4.0
4875,63.0,10.0
4876,83.0,0.0
4877,100.0,7.0
4878,55.0,0.0
4879,56.0,4.0
4880,57.0,8.0
4881,50.0,6.0
4882,36.0,2.0
4883,72.0,10.0
4884,84.0,10.0
4885,36.0,2.0
4886,99.0,1.0
4887,44.0,4.0
4888,57.0,5.0
4889,85.0,4.0
4890,91.0,10.0
4891,56.0,0.0
4892,34.0,7.0
4893,84.0,2.0
4894,76.0,10.0
4895,86.0,4.0
4896,34.0,0.0
4897,90.0,10.0
4898,92.0,10.0
4899,78.0,0.0
4900,97.0,4.0
4901,78.0,2.0
4902,50.0,2.0
4903,78.0,5.0
4904,86.0,1.0
4905,36.0,0.0
4906,69.0,10.0
4907,34.0,0.0
4908,72.0,0.0
4909,70.0,10.0
4910,71.0,0.0
4911,64.0,10.0
4912,76.0,10.0
4913,63.0,5.0
4914,44.0,2.0
4915,70.0,0.0
4916,91.0,10.0
4917,90.0,10.0
4918,76.0,7.0
4919,86.0,4.0
4920,100.0,10.0
4921,71.0,0.0
4922,62.0,8.0
4923,83.0,10.0
4924,91.0,10.0
4925,42.0,7.0
4926,78.0,1.0
4927,79.0,8.0
4928,86.0,0.0
4929,65.0,8.0
4930,98.0,10.0
4931,64.0,3.0
4932,77.0,10.0
4933,90.0,10.0
4934,97.0,5.0
4935,92.0,10.0
4936,62.0,2.0
4937,50.0,8.0
4938,42.0,0.0
4939,71.0,4.0
4940,99.0,10.0
4941,50.0,6.0
4942,69.0,10.0
4943,72.0,10.0
4944,37.0,0.0
4945,42.0,0.0
4946,63.0,3.0
4947,79.0,1.0
4948,83.0,10.0
4949,79.0,3.0
4950,42.0,1.0
4951,97.0,8.0
4952,85.0,10.0
4953,100.0,10.0
4954,77.0,10.0
4955,92.0,10.0
4956,93.0,10.0
4957,64.0,0.0
4958,65.0,1.0
4959,37.0,1.0
4960,57.0,7.0
4961,99.0,3.0
4962,98.0,10.0
4963,91.0,10.0
4964,93.0,1.0
4965,72.0,10.0
4966,84.0,10.0
4967,57.0,8.0
4968,78.0,5.0
4969,34.0,4.0
4970,79.0,6.0
4971,50.0,7.0
4972,63.0,10.0
4973,69.0,10.0
4974,90.0,10.0
4975,83.0,1.0
4976,100.0,10.0
4977,100.0,7.0
4978,63.0,7.0
4979,55.0,1.0
4980,72.0,2.0
4981,98.0,4.0
4982,91.0,6.0
4983,55.0,2.0
4984,34.0,7.0
4985,36.0,4.0
4986,76.0,10.0
4987,77.0,10.0
4988,84.0,6.0
4989,92.0,1.0
4990,85.0,10.0
4991,65.0,10.0
4992,99.0,10.0
4993,69.0,10.0
4994,70.0,10.0
4995,90.0,10.0
4996,93.0,10.0
4997,76.0,10.0
4998,98.0,10.0
4999,65.0,10.0
