family_id,assigned_day,pref,n_people
0,52,0,4
1,26,0,4
2,100,0,3
3,2,0,2
4,53,0,4
5,32,0,4
6,88,0,2
7,25,0,5
8,18,0,4
9,1,0,7
10,96,0,7
11,19,0,7
12,52,0,6
13,54,0,2
14,45,0,2
15,22,0,2
16,46,0,3
17,47,0,4
18,75,0,3
19,3,0,2
20,3,0,6
21,56,0,5
22,61,0,6
23,19,0,3
24,75,0,6
25,16,0,3
26,58,0,2
27,38,0,4
28,81,0,5
29,89,0,4
30,68,0,3
31,74,0,3
32,24,0,3
33,32,0,3
34,46,0,3
35,31,0,3
36,47,0,6
37,15,0,2
38,13,0,5
39,10,0,4
40,25,0,6
41,31,0,8
42,81,0,8
43,11,0,2
44,49,0,2
45,5,0,4
46,15,0,3
47,45,0,4
48,32,0,4
49,33,0,2
50,67,0,6
51,28,0,2
52,33,0,2
53,37,0,4
54,94,0,3
55,91,0,3
56,12,0,5
57,31,0,4
58,74,0,4
59,39,0,4
60,1,0,2
61,18,0,4
62,1,0,6
63,31,0,5
64,3,0,3
65,47,0,5
66,1,0,8
67,94,1,5
68,89,0,7
69,5,0,4
70,32,0,3
71,11,0,4
72,66,0,3
73,10,0,3
74,82,0,4
75,53,0,4
76,46,0,4
77,20,0,4
78,52,0,5
79,37,1,7
80,18,0,2
81,17,0,4
82,32,0,4
83,88,0,2
84,9,0,6
85,54,0,3
86,29,0,3
87,25,0,2
88,57,0,4
89,23,0,2
90,54,0,6
91,17,0,4
92,85,0,2
93,5,0,3
94,47,0,3
95,24,0,4
96,75,0,6
97,96,0,4
98,3,0,4
99,39,0,3
100,39,0,6
101,53,0,2
102,29,1,7
103,68,0,7
104,47,0,2
105,12,0,4
106,34,0,4
107,12,0,3
108,34,0,5
109,17,0,5
110,67,0,6
111,68,0,4
112,60,0,3
113,18,0,4
114,15,0,6
115,22,0,4
116,77,0,4
117,94,0,6
118,69,0,4
119,4,0,4
120,56,0,4
121,17,0,3
122,24,0,6
123,95,0,4
124,14,0,5
125,47,0,3
126,3,0,5
127,2,0,8
128,56,0,6
129,17,0,7
130,16,0,6
131,11,0,4
132,76,0,2
133,54,0,4
134,18,0,8
135,5,0,6
136,88,0,3
137,82,0,2
138,59,0,5
139,89,0,3
140,61,0,6
141,89,0,4
142,26,0,3
143,38,0,3
144,28,0,4
145,18,0,2
146,64,0,3
147,28,0,5
148,63,0,4
149,61,0,4
150,60,0,4
151,3,0,6
152,88,0,2
153,3,0,2
154,25,0,4
155,100,0,2
156,95,0,5
157,87,0,3
158,13,0,6
159,45,1,6
160,40,0,2
161,60,1,4
162,68,0,5
163,84,0,4
164,18,0,6
165,1,0,7
166,14,0,4
167,95,0,4
168,19,0,4
169,67,0,5
170,12,0,7
171,24,0,4
172,21,0,7
173,68,0,3
174,94,0,6
175,17,0,2
176,52,0,6
177,74,0,4
178,80,0,2
179,26,0,5
180,40,0,6
181,7,0,3
182,94,0,2
183,17,0,3
184,4,0,6
185,80,0,2
186,50,0,4
187,43,0,2
188,10,0,3
189,1,0,3
190,9,0,4
191,54,0,3
192,77,0,3
193,12,0,4
194,95,0,2
195,55,0,3
196,26,0,6
197,59,0,2
198,81,0,7
199,51,0,2
200,26,0,2
201,35,1,7
202,23,0,5
203,38,0,4
204,67,0,5
205,1,0,2
206,28,0,2
207,5,1,5
208,10,1,4
209,9,0,6
210,23,0,4
211,67,0,4
212,10,0,3
213,52,0,3
214,31,0,3
215,17,1,2
216,43,0,7
217,38,1,5
218,38,0,3
219,68,0,6
220,24,1,2
221,4,1,5
222,36,0,3
223,60,0,6
224,4,0,4
225,61,0,2
226,59,0,2
227,49,0,5
228,87,0,7
229,48,0,4
230,57,0,2
231,48,0,3
232,47,0,3
233,87,0,3
234,82,0,4
235,53,0,3
236,37,0,5
237,3,0,7
238,19,0,4
239,14,0,3
240,33,0,4
241,60,0,4
242,60,0,2
243,89,0,4
244,39,0,4
245,4,0,6
246,50,0,6
247,66,0,6
248,33,0,5
249,75,0,3
250,7,1,8
251,75,0,3
252,18,1,4
253,73,0,3
254,18,0,3
255,12,0,4
256,93,0,4
257,74,0,6
258,92,0,4
259,60,0,5
260,25,0,5
261,67,0,3
262,32,0,4
263,48,0,3
264,11,0,2
265,11,0,7
266,32,0,7
267,18,0,2
268,39,0,4
269,30,0,5
270,31,1,6
271,73,0,6
272,43,0,6
273,38,0,2
274,8,0,3
275,15,0,6
276,32,0,4
277,81,1,3
278,54,0,3
279,38,0,6
280,23,1,6
281,22,0,3
282,17,0,3
283,73,0,4
284,20,0,6
285,66,0,6
286,54,0,4
287,47,0,4
288,63,0,2
289,66,0,3
290,25,0,5
291,80,0,2
292,66,0,3
293,67,0,5
294,46,0,7
295,10,0,8
296,39,0,3
297,48,0,3
298,19,0,3
299,32,0,3
300,87,1,4
301,45,0,2
302,4,0,4
303,27,0,3
304,86,0,6
305,58,0,5
306,2,0,6
307,1,0,4
308,47,0,4
309,19,0,4
310,89,0,3
311,59,0,2
312,43,0,2
313,37,1,5
314,39,0,3
315,45,0,4
316,53,0,5
317,25,0,3
318,49,0,4
319,10,0,5
320,7,0,5
321,95,1,5
322,82,0,4
323,48,0,4
324,33,0,3
325,1,0,2
326,26,0,4
327,46,0,4
328,10,0,3
329,19,0,3
330,82,0,3
331,57,2,4
332,10,0,2
333,23,0,6
334,22,0,4
335,47,2,3
336,80,2,4
337,24,0,4
338,74,0,4
339,45,0,6
340,13,1,4
341,58,0,3
342,74,1,5
343,88,1,3
344,23,0,7
345,66,0,4
346,24,1,3
347,59,0,4
348,10,2,5
349,19,0,3
350,96,0,8
351,27,0,7
352,93,0,4
353,25,0,2
354,87,0,5
355,53,0,5
356,33,0,4
357,25,0,5
358,11,0,3
359,90,0,5
360,55,0,4
361,87,0,4
362,81,0,3
363,12,0,2
364,99,0,3
365,4,0,2
366,93,1,8
367,53,1,2
368,26,0,6
369,72,2,3
370,13,0,8
371,26,0,2
372,96,0,6
373,61,0,5
374,75,0,2
375,6,0,3
376,80,1,5
377,82,0,3
378,25,0,3
379,4,0,6
380,73,0,5
381,27,0,7
382,48,0,5
383,12,0,4
384,3,0,4
385,29,0,6
386,15,1,8
387,4,1,7
388,32,0,4
389,54,0,4
390,40,0,4
391,53,1,6
392,60,0,4
393,36,0,2
394,11,0,4
395,8,0,7
396,75,0,3
397,52,0,2
398,37,0,7
399,5,0,2
400,3,0,2
401,4,1,4
402,25,0,4
403,74,1,4
404,48,0,7
405,54,0,3
406,5,1,2
407,18,2,2
408,21,0,4
409,81,0,4
410,81,0,3
411,74,1,6
412,25,0,5
413,80,0,8
414,26,0,4
415,24,0,5
416,38,2,4
417,74,1,3
418,32,0,4
419,26,0,5
420,60,0,2
421,87,0,3
422,24,0,6
423,74,0,4
424,4,0,2
425,30,0,4
426,33,0,6
427,24,0,3
428,40,0,8
429,2,0,4
430,25,2,7
431,12,0,7
432,28,2,4
433,1,0,3
434,18,0,6
435,31,1,2
436,11,0,4
437,38,0,5
438,25,0,3
439,18,1,6
440,39,0,5
441,33,0,4
442,29,0,7
443,14,0,3
444,11,2,4
445,59,1,3
446,27,0,4
447,19,0,4
448,82,0,2
449,18,0,3
450,60,0,2
451,33,0,3
452,86,2,4
453,51,1,5
454,11,0,3
455,3,1,4
456,94,0,5
457,70,0,3
458,46,0,6
459,22,3,4
460,30,0,4
461,27,0,2
462,58,1,6
463,71,2,5
464,46,0,5
465,46,0,4
466,36,0,4
467,24,1,2
468,42,1,4
469,93,0,6
470,89,1,2
471,38,0,4
472,59,1,4
473,56,0,3
474,22,0,5
475,15,4,5
476,56,1,3
477,60,0,4
478,24,1,5
479,34,0,2
480,78,1,3
481,13,0,5
482,30,0,2
483,78,0,5
484,26,0,4
485,30,0,5
486,11,0,8
487,26,0,3
488,40,0,4
489,16,0,3
490,28,0,3
491,73,0,7
492,95,0,3
493,16,0,3
494,95,0,4
495,56,0,5
496,56,1,4
497,16,0,6
498,71,1,4
499,46,0,2
500,27,0,5
501,21,0,5
502,56,0,2
503,22,0,5
504,81,1,8
505,16,0,2
506,38,0,7
507,47,0,7
508,35,0,2
509,37,0,5
510,82,0,2
511,43,0,5
512,58,0,4
513,64,0,3
514,52,1,3
515,14,0,4
516,17,0,6
517,60,0,3
518,24,0,4
519,25,1,6
520,48,3,3
521,61,2,2
522,32,0,2
523,51,2,4
524,74,0,4
525,24,2,4
526,59,0,4
527,16,0,4
528,15,1,5
529,25,0,5
530,52,1,7
531,2,3,3
532,47,1,5
533,26,0,3
534,14,0,2
535,12,0,7
536,91,0,2
537,23,0,5
538,83,0,5
539,9,0,2
540,31,0,3
541,60,0,5
542,22,0,4
543,53,0,3
544,12,0,5
545,81,0,5
546,51,1,4
547,20,4,7
548,88,0,6
549,1,0,3
550,73,0,2
551,19,1,4
552,35,0,2
553,3,1,2
554,53,0,3
555,38,4,4
556,98,1,6
557,94,0,7
558,18,0,6
559,47,0,7
560,18,0,2
561,20,0,3
562,27,1,5
563,74,1,3
564,82,0,6
565,91,0,4
566,11,1,2
567,7,2,5
568,95,2,7
569,25,0,6
570,11,0,3
571,98,0,4
572,62,0,4
573,19,0,4
574,88,0,5
575,94,0,2
576,24,6,3
577,31,0,4
578,17,4,4
579,11,0,7
580,49,0,8
581,42,0,4
582,20,0,2
583,35,1,7
584,87,0,3
585,26,2,4
586,67,0,4
587,8,1,4
588,51,0,3
589,31,2,4
590,67,1,5
591,55,0,4
592,14,2,5
593,23,0,5
594,95,2,7
595,19,0,2
596,88,0,4
597,9,2,5
598,18,2,2
599,43,0,3
600,15,0,4
601,2,0,6
602,1,3,4
603,58,1,7
604,15,0,5
605,87,1,3
606,76,4,3
607,51,1,3
608,94,0,5
609,94,0,5
610,1,0,2
611,57,0,4
612,10,1,4
613,88,1,7
614,61,0,4
615,58,0,4
616,44,0,4
617,8,2,6
618,2,0,4
619,42,0,3
620,52,0,7
621,1,0,4
622,99,0,4
623,75,0,3
624,78,1,5
625,51,3,5
626,28,3,4
627,3,0,5
628,23,1,6
629,62,0,3
630,95,0,7
631,10,0,3
632,29,2,4
633,51,1,7
634,24,0,3
635,30,0,5
636,21,1,8
637,13,3,3
638,26,0,3
639,30,0,4
640,43,0,3
641,52,1,4
642,39,1,7
643,12,0,4
644,19,0,2
645,50,1,2
646,48,0,6
647,57,0,5
648,38,0,7
649,65,0,5
650,47,0,3
651,46,0,5
652,16,0,4
653,88,2,4
654,88,1,6
655,32,3,4
656,7,1,3
657,48,0,4
658,35,0,2
659,69,0,3
660,23,2,8
661,31,0,7
662,59,3,3
663,6,0,3
664,24,0,4
665,60,0,3
666,17,1,4
667,81,0,2
668,52,3,4
669,61,0,2
670,18,0,4
671,67,0,4
672,44,0,3
673,17,0,4
674,76,0,4
675,2,1,5
676,1,1,4
677,88,2,4
678,32,0,4
679,31,5,5
680,27,0,6
681,59,1,4
682,15,0,4
683,36,2,3
684,26,0,3
685,46,0,3
686,53,2,7
687,58,2,6
688,88,0,3
689,42,6,6
690,6,2,5
691,8,0,2
692,13,0,8
693,8,0,5
694,59,1,2
695,8,0,4
696,11,1,4
697,85,0,4
698,68,1,3
699,35,0,3
700,14,0,7
701,8,0,3
702,7,0,4
703,66,0,3
704,60,0,4
705,14,0,4
706,24,1,3
707,18,0,2
708,6,3,7
709,39,0,4
710,39,0,2
711,14,0,7
712,36,1,4
713,25,0,5
714,55,4,3
715,58,1,7
716,49,0,6
717,7,2,7
718,3,1,5
719,36,4,7
720,53,0,4
721,45,0,2
722,47,1,3
723,92,0,5
724,57,2,5
725,69,0,5
726,49,1,2
727,3,0,3
728,6,1,7
729,5,1,6
730,17,0,2
731,68,0,3
732,92,1,4
733,50,1,4
734,8,0,5
735,67,2,4
736,79,1,4
737,12,0,5
738,50,1,6
739,65,0,2
740,3,3,3
741,14,1,3
742,99,0,4
743,11,0,2
744,41,0,2
745,25,0,5
746,46,1,2
747,39,1,2
748,80,1,4
749,65,0,2
750,55,3,4
751,54,0,8
752,4,0,5
753,30,0,3
754,36,0,6
755,8,8,7
756,46,3,3
757,26,1,2
758,22,0,7
759,97,0,3
760,23,0,5
761,48,0,3
762,76,3,4
763,17,0,2
764,11,2,6
765,32,0,4
766,16,0,3
767,75,1,3
768,92,1,5
769,44,1,4
770,25,0,2
771,45,0,5
772,59,1,4
773,2,0,2
774,6,1,4
775,99,0,2
776,1,0,4
777,46,0,2
778,17,2,4
779,7,1,4
780,77,0,4
781,9,0,4
782,67,0,2
783,52,0,2
784,75,0,3
785,56,1,8
786,96,0,3
787,6,0,7
788,15,1,4
789,52,1,5
790,59,0,4
791,5,0,3
792,75,1,2
793,100,0,6
794,8,2,3
795,30,1,4
796,81,0,4
797,3,1,2
798,45,0,5
799,9,2,8
800,57,0,5
801,5,1,4
802,13,2,4
803,24,1,4
804,57,0,5
805,66,3,4
806,49,0,8
807,31,0,4
808,40,1,3
809,2,0,2
810,69,0,3
811,14,2,3
812,95,0,5
813,53,0,4
814,27,0,4
815,1,0,2
816,14,1,4
817,53,0,4
818,4,0,5
819,37,4,8
820,33,0,2
821,36,0,6
822,34,0,7
823,35,0,3
824,8,1,8
825,29,1,5
826,28,0,3
827,5,0,4
828,67,3,4
829,70,0,3
830,36,0,4
831,28,1,6
832,41,0,3
833,46,1,2
834,56,0,3
835,8,1,3
836,13,2,5
837,37,6,5
838,68,1,5
839,12,0,4
840,24,0,5
841,10,0,5
842,69,0,3
843,14,1,5
844,69,1,4
845,5,0,5
846,47,0,7
847,68,2,7
848,39,0,4
849,50,0,5
850,57,2,2
851,13,0,3
852,23,2,4
853,55,0,4
854,14,0,2
855,51,0,4
856,12,0,4
857,11,0,6
858,74,4,2
859,24,0,5
860,55,0,6
861,57,0,5
862,59,1,2
863,53,3,6
864,4,0,2
865,24,3,5
866,38,1,4
867,49,8,4
868,33,0,6
869,15,2,3
870,57,1,8
871,16,2,6
872,54,2,4
873,5,0,8
874,48,2,8
875,5,2,4
876,97,1,5
877,49,0,5
878,4,0,8
879,65,0,3
880,53,0,5
881,41,0,2
882,47,0,3
883,17,3,4
884,12,2,4
885,6,0,3
886,12,1,3
887,83,0,2
888,30,1,3
889,99,0,3
890,65,0,6
891,52,3,4
892,31,3,4
893,63,0,6
894,78,0,2
895,44,2,5
896,29,0,8
897,13,3,4
898,26,0,4
899,12,4,4
900,14,2,2
901,7,0,5
902,47,1,3
903,66,1,6
904,46,2,4
905,5,0,2
906,4,3,3
907,34,0,5
908,90,1,4
909,36,1,4
910,57,1,3
911,10,0,5
912,67,3,6
913,59,1,5
914,15,4,6
915,55,1,4
916,33,3,7
917,4,2,4
918,11,1,4
919,99,1,3
920,35,1,3
921,31,0,2
922,6,1,4
923,51,1,6
924,43,0,3
925,71,0,3
926,59,4,6
927,59,2,4
928,40,0,3
929,69,1,3
930,2,0,4
931,35,0,2
932,4,1,2
933,84,4,6
934,38,0,2
935,16,3,3
936,59,1,3
937,27,0,4
938,83,4,6
939,37,1,8
940,4,5,5
941,90,1,4
942,57,0,3
943,82,0,6
944,25,2,4
945,22,1,7
946,54,0,5
947,28,0,6
948,38,0,6
949,86,1,5
950,20,0,6
951,45,2,3
952,54,0,6
953,46,0,3
954,55,2,5
955,63,0,4
956,66,0,5
957,16,0,4
958,48,5,8
959,42,0,5
960,50,0,4
961,53,0,6
962,44,0,5
963,47,1,2
964,1,0,2
965,45,1,5
966,59,0,5
967,63,3,5
968,2,0,5
969,1,0,4
970,97,0,3
971,5,0,6
972,90,0,5
973,82,0,2
974,44,0,4
975,1,0,3
976,41,2,4
977,54,0,3
978,68,3,4
979,4,0,4
980,38,0,4
981,46,6,5
982,14,1,3
983,96,0,2
984,2,0,5
985,44,0,3
986,76,1,7
987,87,0,4
988,11,0,2
989,1,0,2
990,50,0,5
991,75,0,5
992,67,1,5
993,41,5,5
994,39,0,3
995,35,0,4
996,57,0,5
997,50,0,2
998,3,0,2
999,52,1,4
1000,30,1,6
1001,20,2,5
1002,56,2,3
1003,29,0,3
1004,45,0,2
1005,31,0,5
1006,96,1,6
1007,1,0,2
1008,45,3,4
1009,75,0,2
1010,46,0,4
1011,50,2,3
1012,35,2,7
1013,38,2,3
1014,30,2,4
1015,17,1,4
1016,17,0,5
1017,29,2,4
1018,16,0,4
1019,3,3,3
1020,28,2,5
1021,4,2,3
1022,100,4,6
1023,46,4,3
1024,54,2,4
1025,71,0,6
1026,16,1,2
1027,95,2,3
1028,13,0,4
1029,41,0,5
1030,83,1,4
1031,30,1,5
1032,82,2,3
1033,32,3,3
1034,17,0,6
1035,40,0,4
1036,7,1,5
1037,45,1,2
1038,40,1,4
1039,47,3,4
1040,23,0,4
1041,95,3,4
1042,15,0,6
1043,16,0,4
1044,35,1,5
1045,20,1,4
1046,13,1,2
1047,15,0,4
1048,17,0,3
1049,31,0,3
1050,78,2,4
1051,3,1,4
1052,9,2,5
1053,84,2,4
1054,31,0,4
1055,46,1,3
1056,27,0,3
1057,72,1,5
1058,40,0,4
1059,40,1,2
1060,39,3,5
1061,65,0,4
1062,24,0,5
1063,56,3,2
1064,27,9,5
1065,77,3,3
1066,2,0,2
1067,39,3,5
1068,3,0,5
1069,98,2,4
1070,49,0,6
1071,66,1,4
1072,32,1,5
1073,32,0,4
1074,86,2,7
1075,8,2,4
1076,26,0,4
1077,14,0,4
1078,19,2,6
1079,1,3,2
1080,18,0,3
1081,13,2,8
1082,76,3,3
1083,47,1,2
1084,89,0,6
1085,31,0,2
1086,20,0,5
1087,88,3,5
1088,21,1,5
1089,57,3,3
1090,91,0,7
1091,56,0,4
1092,26,5,5
1093,67,0,4
1094,19,0,6
1095,19,0,7
1096,26,0,4
1097,55,0,7
1098,16,0,2
1099,34,5,8
1100,18,3,4
1101,75,1,2
1102,12,0,3
1103,28,1,4
1104,10,1,5
1105,33,1,4
1106,3,0,4
1107,11,3,4
1108,25,0,6
1109,22,2,6
1110,12,1,8
1111,100,0,2
1112,39,1,5
1113,18,0,5
1114,7,1,4
1115,7,2,5
1116,54,3,4
1117,7,1,4
1118,73,0,4
1119,34,0,4
1120,33,0,8
1121,97,1,2
1122,64,0,6
1123,51,3,4
1124,17,3,3
1125,23,2,2
1126,21,0,4
1127,16,1,2
1128,14,0,4
1129,32,1,4
1130,12,0,3
1131,2,5,7
1132,28,1,3
1133,3,0,2
1134,32,1,2
1135,100,2,5
1136,32,0,7
1137,42,3,8
1138,10,0,3
1139,42,0,6
1140,52,0,4
1141,87,0,5
1142,3,0,4
1143,21,8,4
1144,15,3,4
1145,53,0,5
1146,27,1,6
1147,62,1,6
1148,26,0,2
1149,74,2,3
1150,23,0,4
1151,25,0,2
1152,1,1,6
1153,77,3,5
1154,99,1,6
1155,75,0,2
1156,96,0,2
1157,15,0,3
1158,92,3,8
1159,26,2,4
1160,52,2,2
1161,89,7,5
1162,65,1,5
1163,18,0,5
1164,44,1,5
1165,79,0,3
1166,36,0,5
1167,61,0,5
1168,66,2,5
1169,25,1,4
1170,16,0,3
1171,55,2,6
1172,2,0,5
1173,88,0,5
1174,45,1,4
1175,60,0,5
1176,54,0,8
1177,89,1,2
1178,2,6,4
1179,69,0,3
1180,11,0,4
1181,56,0,5
1182,16,1,3
1183,3,1,3
1184,1,1,3
1185,1,4,4
1186,2,0,7
1187,13,3,4
1188,17,1,6
1189,14,4,8
1190,49,1,7
1191,43,2,5
1192,91,1,8
1193,48,2,4
1194,47,0,5
1195,43,0,2
1196,27,1,4
1197,25,2,4
1198,50,0,3
1199,16,0,4
1200,16,0,4
1201,20,9,6
1202,53,0,3
1203,87,0,3
1204,56,1,5
1205,9,0,4
1206,42,1,3
1207,26,0,2
1208,43,0,2
1209,6,1,7
1210,1,0,5
1211,49,0,2
1212,21,3,6
1213,50,0,3
1214,3,0,3
1215,12,1,3
1216,34,1,4
1217,41,0,4
1218,1,0,4
1219,24,2,4
1220,80,1,3
1221,77,2,5
1222,5,0,3
1223,58,0,6
1224,8,0,4
1225,25,0,4
1226,10,0,3
1227,19,1,5
1228,29,1,5
1229,21,0,4
1230,40,0,4
1231,20,3,5
1232,33,2,4
1233,45,0,2
1234,19,1,3
1235,32,2,6
1236,17,4,5
1237,43,0,3
1238,95,2,2
1239,50,0,3
1240,13,1,2
1241,46,2,4
1242,14,1,4
1243,58,0,3
1244,44,6,6
1245,5,2,4
1246,2,0,2
1247,81,0,2
1248,39,0,4
1249,65,1,7
1250,13,1,4
1251,29,0,4
1252,4,0,3
1253,72,0,2
1254,1,0,2
1255,93,2,6
1256,73,2,4
1257,12,2,6
1258,53,3,4
1259,66,0,2
1260,86,1,3
1261,27,2,4
1262,16,2,3
1263,91,0,4
1264,1,0,2
1265,83,1,3
1266,37,0,3
1267,22,1,4
1268,35,1,8
1269,28,2,6
1270,86,1,4
1271,3,1,5
1272,56,3,4
1273,27,0,8
1274,87,0,3
1275,71,1,5
1276,7,0,7
1277,49,0,5
1278,82,0,4
1279,57,0,7
1280,9,0,5
1281,76,0,2
1282,30,1,4
1283,29,0,4
1284,2,0,5
1285,38,0,5
1286,97,0,2
1287,1,0,4
1288,3,0,3
1289,18,4,4
1290,3,3,3
1291,34,0,4
1292,35,0,6
1293,77,1,3
1294,11,1,4
1295,26,1,5
1296,3,0,4
1297,10,2,5
1298,31,0,4
1299,11,0,4
1300,40,0,2
1301,9,0,4
1302,61,9,7
1303,37,1,3
1304,17,1,3
1305,49,4,6
1306,22,1,2
1307,29,3,6
1308,58,1,3
1309,57,0,2
1310,66,3,4
1311,45,0,4
1312,10,0,5
1313,88,0,2
1314,26,0,4
1315,2,1,4
1316,89,0,3
1317,26,0,4
1318,39,0,2
1319,43,0,4
1320,88,1,4
1321,1,0,4
1322,46,2,3
1323,72,7,5
1324,33,2,4
1325,23,0,5
1326,25,0,5
1327,14,0,4
1328,53,0,2
1329,3,2,4
1330,90,0,4
1331,92,2,8
1332,22,2,3
1333,53,0,4
1334,55,0,5
1335,89,0,4
1336,43,0,3
1337,78,0,6
1338,85,0,3
1339,77,0,4
1340,23,0,2
1341,13,1,4
1342,88,0,3
1343,34,0,3
1344,19,0,3
1345,24,2,5
1346,28,0,4
1347,20,1,3
1348,30,0,2
1349,54,0,3
1350,19,0,2
1351,9,1,4
1352,87,2,4
1353,29,2,8
1354,14,0,3
1355,54,0,3
1356,49,0,5
1357,22,2,3
1358,38,0,3
1359,16,1,8
1360,98,0,6
1361,3,0,3
1362,83,0,7
1363,99,1,4
1364,41,0,3
1365,68,0,2
1366,14,0,2
1367,2,0,2
1368,7,2,6
1369,1,0,3
1370,43,0,3
1371,85,0,4
1372,94,2,5
1373,3,0,2
1374,4,0,3
1375,41,1,5
1376,14,3,3
1377,18,0,6
1378,73,0,3
1379,23,0,4
1380,25,1,5
1381,43,1,7
1382,67,1,4
1383,40,1,3
1384,59,0,2
1385,33,1,3
1386,10,0,4
1387,48,1,4
1388,63,0,2
1389,74,0,5
1390,42,0,5
1391,16,9,6
1392,53,0,4
1393,11,0,4
1394,8,2,7
1395,17,0,2
1396,90,0,7
1397,2,0,7
1398,1,0,2
1399,59,0,3
1400,22,0,5
1401,1,2,4
1402,59,0,4
1403,12,1,4
1404,27,0,7
1405,56,1,4
1406,26,0,4
1407,44,0,3
1408,45,0,3
1409,46,5,5
1410,20,3,5
1411,19,1,6
1412,86,1,4
1413,86,1,5
1414,89,0,4
1415,18,0,3
1416,24,2,7
1417,77,5,4
1418,42,0,5
1419,9,0,2
1420,70,1,8
1421,23,0,6
1422,91,0,8
1423,2,0,3
1424,51,1,2
1425,80,0,2
1426,43,0,3
1427,32,0,5
1428,3,1,3
1429,88,1,5
1430,20,0,6
1431,6,2,4
1432,1,1,3
1433,11,4,3
1434,16,0,3
1435,99,1,3
1436,69,4,8
1437,47,0,4
1438,7,0,3
1439,69,0,4
1440,87,5,5
1441,17,0,4
1442,26,1,4
1443,11,1,2
1444,42,2,5
1445,81,1,3
1446,89,4,3
1447,6,3,5
1448,36,2,4
1449,51,0,6
1450,68,2,4
1451,50,0,3
1452,28,0,2
1453,19,4,4
1454,25,0,8
1455,58,0,5
1456,24,0,5
1457,48,4,5
1458,20,0,2
1459,40,4,3
1460,2,0,6
1461,58,0,2
1462,18,2,3
1463,1,1,4
1464,59,0,7
1465,87,0,2
1466,64,0,4
1467,44,7,4
1468,5,1,4
1469,47,1,5
1470,29,9,5
1471,48,0,4
1472,58,4,8
1473,45,4,4
1474,19,0,3
1475,94,0,2
1476,4,0,2
1477,79,2,8
1478,65,0,3
1479,70,1,6
1480,95,9,7
1481,80,0,4
1482,7,2,4
1483,85,0,2
1484,16,1,4
1485,44,2,6
1486,46,0,2
1487,64,2,6
1488,18,1,8
1489,23,1,3
1490,62,0,6
1491,97,0,7
1492,41,1,4
1493,41,0,5
1494,46,0,2
1495,81,0,2
1496,49,0,2
1497,20,0,3
1498,96,0,8
1499,88,0,3
1500,39,3,4
1501,63,3,3
1502,84,0,2
1503,5,2,3
1504,17,0,2
1505,44,1,6
1506,37,3,6
1507,18,0,4
1508,51,2,4
1509,4,2,4
1510,1,2,3
1511,28,0,4
1512,48,0,5
1513,40,0,4
1514,95,0,3
1515,77,1,4
1516,4,0,4
1517,8,0,4
1518,27,0,4
1519,75,0,2
1520,48,0,2
1521,13,2,7
1522,58,3,3
1523,67,3,2
1524,9,2,5
1525,52,0,4
1526,45,5,5
1527,47,0,4
1528,29,2,6
1529,2,3,8
1530,40,3,5
1531,26,0,3
1532,47,0,3
1533,53,1,6
1534,52,0,2
1535,1,1,3
1536,6,2,6
1537,1,0,4
1538,16,0,3
1539,52,0,4
1540,99,0,3
1541,15,0,4
1542,63,2,5
1543,16,0,2
1544,69,0,6
1545,80,0,4
1546,91,1,7
1547,47,0,4
1548,2,1,3
1549,25,0,3
1550,12,0,5
1551,7,0,7
1552,24,0,3
1553,53,0,4
1554,10,0,4
1555,1,0,4
1556,81,0,5
1557,39,0,7
1558,2,0,3
1559,61,3,8
1560,36,3,5
1561,17,0,5
1562,16,1,3
1563,6,0,5
1564,71,2,4
1565,82,0,2
1566,15,0,4
1567,37,0,7
1568,36,1,3
1569,82,1,3
1570,5,2,6
1571,91,0,5
1572,34,1,8
1573,61,3,4
1574,60,0,3
1575,59,0,3
1576,95,0,2
1577,5,1,4
1578,3,1,3
1579,3,0,4
1580,68,1,5
1581,10,0,3
1582,55,9,7
1583,33,3,4
1584,46,0,4
1585,28,1,4
1586,47,3,2
1587,95,2,4
1588,11,1,3
1589,22,2,3
1590,45,0,4
1591,60,1,6
1592,6,0,4
1593,59,3,7
1594,60,2,4
1595,1,0,2
1596,36,2,4
1597,50,1,8
1598,15,0,6
1599,4,2,5
1600,27,0,2
1601,3,1,3
1602,7,1,2
1603,7,0,4
1604,78,0,4
1605,3,1,2
1606,51,0,4
1607,76,1,6
1608,25,2,4
1609,21,0,4
1610,2,1,6
1611,1,0,6
1612,46,1,4
1613,17,0,3
1614,61,0,3
1615,51,1,7
1616,26,0,3
1617,52,0,4
1618,8,0,4
1619,32,1,3
1620,43,1,3
1621,71,0,8
1622,45,0,4
1623,14,0,5
1624,9,0,2
1625,84,0,2
1626,54,0,7
1627,46,0,3
1628,53,0,6
1629,5,2,4
1630,52,0,6
1631,12,1,3
1632,30,0,7
1633,33,1,4
1634,49,0,3
1635,31,2,4
1636,90,0,4
1637,67,0,5
1638,31,1,2
1639,83,0,2
1640,30,0,6
1641,23,2,2
1642,4,0,4
1643,32,1,4
1644,72,0,4
1645,36,0,8
1646,66,1,4
1647,68,0,4
1648,48,6,8
1649,46,0,2
1650,21,0,4
1651,4,0,3
1652,21,0,3
1653,14,2,8
1654,20,2,5
1655,68,0,6
1656,31,0,4
1657,56,1,4
1658,60,0,3
1659,82,1,4
1660,41,2,2
1661,15,2,5
1662,20,4,6
1663,19,0,3
1664,27,2,4
1665,36,0,2
1666,13,2,4
1667,55,5,5
1668,7,0,2
1669,8,0,5
1670,24,1,4
1671,87,0,2
1672,58,0,4
1673,39,0,3
1674,57,0,3
1675,13,1,2
1676,27,0,2
1677,13,1,5
1678,11,1,2
1679,35,1,8
1680,55,0,6
1681,26,1,5
1682,40,1,2
1683,31,4,6
1684,54,0,2
1685,73,0,6
1686,40,0,2
1687,21,0,2
1688,29,2,5
1689,39,0,2
1690,47,0,6
1691,92,1,7
1692,62,5,5
1693,47,0,2
1694,5,2,2
1695,25,0,3
1696,17,0,5
1697,61,0,2
1698,67,0,4
1699,12,0,6
1700,44,6,5
1701,29,4,6
1702,99,0,6
1703,69,0,3
1704,9,1,5
1705,10,1,5
1706,17,0,5
1707,57,1,3
1708,72,0,2
1709,56,0,3
1710,43,0,5
1711,34,0,5
1712,12,0,4
1713,54,0,6
1714,53,2,5
1715,17,0,6
1716,35,1,4
1717,11,0,5
1718,78,2,3
1719,21,2,6
1720,22,1,4
1721,43,0,3
1722,41,1,3
1723,21,1,8
1724,25,1,4
1725,19,2,5
1726,3,0,6
1727,18,1,5
1728,35,0,6
1729,4,1,3
1730,2,0,5
1731,15,0,3
1732,34,0,4
1733,11,0,2
1734,21,0,5
1735,1,0,2
1736,28,0,3
1737,23,2,5
1738,48,3,8
1739,89,0,3
1740,68,1,2
1741,27,0,3
1742,21,5,5
1743,1,1,2
1744,64,2,4
1745,74,0,4
1746,57,1,6
1747,84,0,3
1748,32,0,2
1749,59,1,3
1750,51,0,5
1751,52,3,3
1752,38,3,4
1753,64,3,7
1754,16,3,5
1755,33,1,4
1756,19,0,3
1757,75,0,4
1758,55,1,2
1759,1,1,2
1760,59,0,4
1761,42,1,6
1762,47,0,3
1763,54,2,3
1764,40,0,3
1765,22,0,8
1766,24,0,3
1767,36,0,4
1768,77,3,6
1769,52,9,7
1770,45,1,5
1771,85,1,5
1772,52,6,3
1773,74,2,5
1774,46,0,5
1775,19,3,5
1776,58,0,5
1777,24,0,2
1778,35,1,5
1779,29,0,2
1780,26,0,3
1781,28,2,2
1782,58,4,5
1783,16,0,3
1784,3,2,3
1785,17,0,4
1786,47,1,3
1787,49,0,2
1788,57,2,3
1789,23,1,6
1790,32,1,5
1791,30,1,5
1792,80,5,4
1793,28,3,3
1794,29,1,4
1795,44,2,4
1796,61,1,3
1797,9,0,3
1798,30,1,4
1799,53,4,3
1800,42,0,3
1801,56,0,3
1802,48,0,4
1803,9,0,4
1804,49,0,4
1805,98,1,5
1806,28,0,2
1807,36,6,7
1808,31,0,8
1809,58,3,8
1810,25,0,3
1811,75,6,2
1812,90,0,8
1813,62,1,8
1814,47,3,2
1815,58,4,6
1816,17,2,3
1817,45,0,5
1818,18,0,3
1819,9,3,5
1820,60,4,4
1821,91,3,3
1822,10,0,8
1823,61,1,5
1824,42,0,5
1825,88,2,2
1826,73,0,2
1827,18,1,3
1828,51,0,5
1829,38,0,7
1830,2,0,4
1831,36,8,6
1832,11,0,7
1833,10,0,6
1834,9,1,3
1835,6,1,4
1836,34,1,4
1837,1,0,3
1838,89,2,5
1839,57,0,6
1840,35,5,8
1841,10,0,3
1842,91,3,4
1843,88,1,3
1844,39,2,4
1845,55,0,3
1846,2,0,4
1847,43,5,6
1848,90,3,7
1849,21,0,2
1850,5,0,4
1851,7,3,6
1852,50,1,8
1853,4,0,4
1854,15,0,4
1855,49,0,7
1856,47,2,3
1857,33,0,3
1858,59,0,4
1859,91,0,4
1860,2,0,3
1861,44,0,3
1862,1,2,3
1863,11,1,4
1864,34,2,6
1865,37,0,5
1866,17,0,2
1867,16,0,4
1868,3,0,3
1869,9,0,6
1870,37,1,4
1871,41,1,4
1872,46,3,6
1873,20,2,6
1874,38,4,7
1875,42,1,4
1876,17,0,4
1877,32,0,3
1878,50,1,5
1879,3,0,4
1880,18,2,5
1881,49,0,4
1882,48,2,3
1883,29,0,4
1884,99,0,3
1885,81,0,4
1886,9,0,7
1887,43,4,4
1888,52,1,6
1889,76,3,4
1890,8,0,6
1891,42,0,4
1892,10,1,4
1893,19,0,2
1894,24,1,3
1895,47,2,4
1896,63,1,2
1897,34,1,4
1898,13,1,7
1899,27,0,7
1900,2,4,5
1901,97,0,5
1902,1,1,4
1903,10,0,6
1904,75,2,4
1905,1,0,3
1906,89,0,4
1907,33,0,2
1908,21,0,2
1909,93,0,3
1910,34,0,3
1911,8,2,4
1912,60,0,5
1913,53,0,3
1914,96,1,4
1915,33,2,6
1916,98,0,6
1917,26,1,4
1918,25,1,3
1919,1,0,3
1920,39,0,2
1921,59,2,3
1922,26,1,4
1923,84,0,4
1924,19,2,4
1925,89,0,7
1926,50,0,3
1927,18,0,3
1928,56,0,5
1929,78,2,5
1930,71,2,5
1931,12,5,5
1932,85,0,6
1933,77,0,4
1934,56,4,5
1935,11,7,5
1936,30,0,4
1937,77,3,4
1938,31,5,4
1939,33,2,4
1940,13,5,6
1941,51,2,4
1942,65,2,4
1943,6,0,5
1944,6,1,3
1945,48,0,7
1946,5,2,4
1947,13,0,5
1948,54,0,3
1949,33,0,4
1950,18,0,3
1951,25,0,3
1952,79,0,3
1953,55,3,4
1954,14,2,5
1955,63,1,4
1956,38,0,3
1957,33,0,2
1958,28,4,5
1959,50,0,7
1960,47,0,5
1961,32,0,6
1962,6,0,3
1963,2,1,4
1964,10,2,3
1965,32,0,2
1966,24,0,3
1967,15,0,5
1968,52,0,4
1969,27,0,5
1970,7,1,6
1971,88,1,5
1972,36,1,6
1973,51,2,5
1974,11,3,8
1975,43,1,6
1976,53,1,2
1977,77,2,4
1978,15,0,3
1979,97,0,6
1980,37,0,6
1981,61,1,3
1982,32,1,4
1983,28,0,3
1984,26,2,4
1985,79,2,5
1986,11,0,4
1987,76,0,7
1988,29,0,5
1989,38,2,5
1990,37,0,2
1991,97,0,4
1992,5,0,5
1993,40,9,5
1994,93,1,3
1995,63,2,8
1996,41,2,4
1997,4,0,4
1998,8,1,3
1999,12,1,5
2000,8,1,5
2001,7,2,5
2002,94,0,6
2003,92,4,5
2004,84,2,6
2005,96,0,5
2006,32,0,5
2007,96,1,5
2008,12,1,4
2009,4,2,5
2010,14,0,3
2011,28,1,5
2012,73,1,4
2013,14,0,3
2014,74,1,3
2015,22,0,7
2016,25,0,3
2017,1,0,4
2018,23,3,6
2019,22,1,6
2020,2,0,3
2021,13,9,8
2022,60,0,3
2023,48,0,5
2024,28,2,6
2025,12,0,3
2026,91,1,5
2027,36,0,5
2028,16,0,2
2029,2,0,4
2030,98,0,3
2031,80,3,8
2032,23,0,4
2033,47,0,2
2034,43,0,2
2035,59,0,4
2036,66,0,4
2037,16,1,7
2038,15,0,5
2039,22,0,5
2040,24,0,5
2041,3,2,4
2042,27,0,4
2043,35,0,4
2044,9,0,4
2045,43,0,3
2046,26,0,3
2047,95,0,4
2048,98,1,2
2049,1,1,6
2050,38,1,3
2051,81,3,7
2052,41,1,5
2053,62,0,5
2054,50,1,3
2055,10,0,2
2056,23,1,4
2057,15,3,4
2058,44,3,3
2059,17,1,4
2060,50,0,5
2061,80,1,2
2062,8,0,7
2063,3,3,3
2064,78,3,5
2065,52,1,4
2066,17,0,2
2067,75,3,5
2068,28,1,8
2069,95,1,5
2070,45,0,2
2071,35,2,5
2072,40,0,3
2073,35,4,3
2074,99,0,3
2075,52,0,2
2076,78,0,6
2077,9,0,2
2078,63,0,5
2079,16,2,6
2080,27,1,3
2081,37,0,7
2082,17,0,4
2083,25,0,2
2084,44,0,4
2085,53,2,2
2086,3,0,2
2087,54,0,5
2088,45,4,6
2089,43,0,5
2090,63,0,2
2091,67,0,2
2092,24,0,5
2093,22,1,6
2094,46,0,2
2095,13,1,3
2096,27,0,6
2097,26,0,7
2098,36,1,4
2099,61,0,5
2100,34,0,4
2101,95,2,4
2102,25,0,4
2103,36,0,5
2104,25,3,4
2105,30,0,2
2106,16,0,4
2107,27,1,4
2108,21,0,3
2109,15,0,7
2110,8,7,5
2111,97,1,3
2112,27,1,4
2113,14,0,5
2114,38,0,7
2115,18,9,8
2116,13,0,4
2117,17,1,3
2118,28,5,3
2119,42,0,3
2120,53,0,4
2121,50,0,4
2122,12,5,6
2123,10,1,4
2124,60,1,5
2125,55,2,3
2126,6,2,4
2127,26,2,3
2128,96,2,3
2129,11,0,5
2130,99,0,4
2131,40,0,3
2132,26,0,4
2133,57,0,3
2134,42,0,3
2135,11,4,4
2136,8,0,4
2137,46,3,4
2138,40,0,2
2139,33,0,4
2140,47,2,3
2141,56,1,4
2142,23,2,5
2143,36,0,4
2144,84,0,4
2145,24,3,3
2146,32,0,2
2147,58,2,4
2148,16,1,7
2149,17,0,4
2150,41,0,3
2151,55,2,4
2152,9,0,5
2153,32,0,2
2154,16,0,7
2155,54,3,3
2156,77,0,3
2157,29,0,2
2158,77,4,5
2159,26,0,5
2160,39,2,2
2161,74,0,2
2162,10,3,4
2163,8,9,5
2164,24,2,5
2165,64,1,6
2166,58,3,6
2167,44,0,3
2168,36,1,4
2169,8,1,3
2170,21,3,5
2171,25,0,5
2172,70,0,5
2173,69,6,4
2174,59,0,2
2175,30,0,3
2176,31,0,4
2177,54,1,3
2178,41,4,4
2179,15,0,2
2180,28,1,5
2181,40,0,2
2182,39,5,8
2183,12,1,7
2184,76,0,4
2185,40,2,3
2186,37,2,4
2187,30,0,3
2188,44,1,4
2189,53,0,4
2190,31,2,5
2191,90,1,3
2192,12,0,4
2193,28,3,5
2194,11,0,4
2195,5,5,5
2196,39,3,3
2197,49,1,5
2198,97,0,8
2199,40,3,4
2200,93,2,3
2201,45,1,2
2202,41,1,4
2203,98,0,6
2204,57,0,6
2205,44,1,5
2206,36,0,2
2207,34,5,7
2208,2,2,7
2209,23,1,7
2210,55,2,5
2211,20,0,4
2212,46,1,4
2213,33,0,3
2214,93,5,4
2215,33,0,2
2216,58,0,4
2217,41,0,4
2218,35,0,5
2219,19,0,4
2220,65,0,6
2221,6,0,6
2222,1,0,4
2223,24,0,5
2224,39,1,4
2225,58,0,5
2226,68,0,2
2227,66,0,4
2228,54,2,5
2229,67,1,5
2230,20,0,2
2231,43,0,4
2232,8,1,2
2233,94,1,5
2234,41,4,5
2235,47,0,2
2236,32,0,3
2237,21,0,4
2238,83,0,4
2239,1,2,3
2240,99,0,4
2241,59,0,4
2242,5,0,7
2243,17,2,4
2244,68,0,3
2245,30,0,7
2246,44,3,4
2247,75,0,5
2248,89,0,3
2249,82,2,3
2250,41,4,6
2251,18,1,4
2252,33,0,3
2253,37,1,4
2254,8,0,3
2255,98,0,4
2256,14,0,8
2257,25,2,4
2258,29,0,4
2259,28,2,4
2260,56,2,4
2261,14,4,4
2262,21,1,4
2263,72,6,5
2264,91,1,3
2265,7,0,6
2266,40,0,4
2267,21,0,3
2268,41,1,2
2269,32,0,3
2270,14,0,3
2271,78,3,2
2272,37,1,5
2273,73,2,5
2274,79,0,4
2275,20,2,6
2276,28,0,3
2277,24,0,3
2278,4,1,4
2279,4,0,6
2280,29,1,2
2281,95,5,4
2282,3,3,4
2283,50,1,5
2284,64,0,5
2285,21,4,5
2286,25,4,4
2287,72,6,6
2288,13,6,3
2289,22,2,7
2290,80,7,5
2291,30,0,2
2292,45,0,3
2293,46,3,2
2294,45,0,3
2295,49,1,4
2296,15,0,3
2297,55,1,3
2298,19,1,3
2299,13,0,3
2300,85,0,4
2301,45,1,4
2302,39,3,4
2303,81,0,4
2304,93,0,5
2305,74,3,3
2306,6,1,2
2307,23,0,3
2308,40,0,4
2309,58,1,5
2310,21,0,4
2311,40,1,4
2312,70,0,6
2313,24,0,3
2314,39,0,7
2315,35,0,5
2316,31,0,3
2317,12,2,4
2318,14,3,8
2319,73,0,4
2320,23,0,3
2321,13,0,6
2322,29,3,5
2323,3,4,4
2324,5,9,6
2325,12,1,6
2326,21,2,5
2327,53,1,4
2328,74,0,3
2329,78,0,4
2330,94,0,5
2331,84,0,5
2332,14,0,4
2333,30,0,4
2334,7,2,3
2335,25,1,3
2336,15,1,5
2337,41,0,3
2338,96,0,3
2339,90,1,4
2340,73,3,3
2341,13,0,4
2342,5,1,3
2343,12,2,5
2344,2,5,5
2345,6,0,2
2346,74,0,4
2347,40,0,8
2348,19,1,5
2349,24,0,2
2350,1,1,3
2351,44,1,4
2352,30,2,4
2353,2,2,4
2354,39,0,3
2355,38,1,4
2356,6,0,7
2357,44,0,5
2358,46,1,5
2359,79,0,5
2360,1,0,2
2361,45,0,8
2362,18,1,7
2363,81,2,3
2364,5,0,5
2365,89,2,4
2366,40,0,5
2367,31,0,4
2368,1,3,5
2369,30,1,6
2370,15,0,3
2371,20,0,3
2372,80,1,5
2373,78,4,3
2374,9,3,6
2375,5,1,4
2376,45,0,4
2377,3,2,2
2378,20,0,2
2379,2,2,4
2380,22,1,4
2381,16,1,5
2382,23,1,3
2383,38,5,6
2384,72,0,3
2385,7,1,2
2386,46,0,3
2387,46,2,6
2388,31,1,2
2389,30,0,5
2390,44,1,3
2391,32,0,2
2392,51,0,6
2393,10,1,2
2394,1,1,3
2395,52,1,5
2396,31,0,4
2397,45,0,4
2398,78,1,4
2399,2,7,7
2400,1,0,4
2401,17,2,4
2402,9,2,5
2403,46,0,4
2404,4,0,8
2405,42,3,6
2406,63,0,4
2407,31,2,3
2408,54,2,2
2409,7,0,2
2410,39,2,3
2411,1,0,4
2412,8,0,3
2413,15,1,5
2414,39,0,4
2415,72,2,2
2416,57,4,6
2417,51,0,7
2418,22,6,7
2419,52,3,5
2420,31,1,5
2421,66,0,2
2422,72,0,7
2423,72,2,5
2424,96,0,3
2425,3,0,5
2426,27,0,3
2427,50,0,4
2428,53,0,4
2429,73,1,5
2430,17,1,4
2431,42,0,4
2432,39,2,4
2433,56,0,2
2434,13,0,4
2435,14,0,7
2436,48,0,3
2437,97,2,4
2438,55,0,3
2439,73,2,7
2440,12,1,4
2441,22,0,4
2442,13,1,7
2443,29,0,6
2444,9,3,4
2445,96,0,3
2446,50,0,4
2447,54,0,4
2448,27,0,2
2449,19,0,4
2450,58,0,4
2451,62,0,3
2452,29,2,3
2453,31,1,4
2454,12,0,5
2455,48,0,4
2456,29,5,8
2457,41,0,5
2458,30,1,4
2459,18,1,5
2460,46,1,4
2461,2,0,3
2462,67,0,2
2463,16,0,2
2464,4,0,4
2465,31,1,5
2466,37,1,5
2467,40,1,4
2468,21,3,3
2469,17,7,8
2470,96,3,4
2471,3,0,6
2472,38,2,6
2473,51,0,2
2474,29,1,6
2475,23,0,5
2476,9,2,4
2477,27,0,3
2478,1,0,2
2479,58,0,3
2480,95,0,4
2481,39,3,4
2482,53,0,3
2483,85,1,5
2484,20,1,5
2485,28,0,4
2486,26,0,4
2487,25,1,4
2488,19,4,6
2489,74,0,4
2490,47,0,4
2491,13,1,3
2492,15,5,3
2493,73,0,3
2494,28,3,7
2495,3,3,2
2496,84,1,2
2497,47,4,3
2498,27,0,6
2499,14,8,4
2500,10,0,2
2501,77,1,6
2502,20,0,4
2503,37,0,4
2504,20,0,2
2505,24,0,7
2506,55,1,4
2507,16,7,4
2508,38,0,3
2509,54,0,4
2510,9,0,4
2511,10,0,7
2512,30,0,3
2513,11,0,2
2514,16,2,7
2515,31,2,4
2516,44,1,5
2517,26,2,5
2518,50,3,5
2519,2,0,8
2520,11,0,4
2521,1,0,5
2522,9,0,7
2523,1,0,4
2524,7,0,4
2525,29,0,3
2526,26,0,5
2527,52,1,3
2528,53,0,6
2529,64,0,4
2530,34,7,5
2531,22,3,4
2532,38,0,4
2533,41,0,4
2534,41,0,4
2535,37,1,4
2536,45,2,5
2537,94,0,2
2538,65,0,4
2539,14,1,4
2540,9,1,5
2541,19,2,6
2542,45,0,2
2543,28,2,6
2544,61,0,3
2545,33,0,2
2546,22,5,4
2547,25,2,5
2548,12,1,2
2549,41,2,5
2550,41,2,3
2551,20,1,4
2552,65,3,4
2553,11,0,3
2554,49,2,2
2555,6,6,5
2556,71,0,4
2557,74,0,2
2558,34,0,6
2559,10,8,5
2560,12,0,4
2561,11,1,5
2562,19,6,4
2563,10,2,3
2564,5,1,2
2565,33,0,3
2566,40,1,2
2567,9,1,3
2568,20,1,6
2569,29,0,2
2570,21,1,5
2571,46,1,7
2572,21,0,4
2573,13,1,3
2574,12,0,3
2575,10,0,3
2576,4,0,4
2577,71,5,4
2578,13,4,6
2579,24,1,2
2580,10,3,2
2581,10,0,5
2582,73,0,2
2583,19,0,2
2584,27,0,4
2585,98,0,7
2586,32,2,4
2587,37,0,3
2588,40,0,2
2589,62,3,6
2590,55,2,7
2591,9,0,5
2592,19,0,4
2593,9,5,4
2594,54,2,5
2595,38,1,3
2596,54,0,3
2597,2,0,2
2598,37,1,4
2599,10,0,2
2600,2,0,4
2601,10,0,2
2602,51,0,5
2603,10,0,4
2604,12,0,6
2605,10,0,3
2606,15,2,8
2607,52,0,2
2608,16,2,5
2609,72,0,7
2610,28,1,5
2611,71,0,6
2612,46,2,2
2613,9,1,6
2614,48,5,6
2615,39,1,4
2616,50,1,5
2617,36,1,3
2618,11,0,5
2619,1,0,4
2620,79,2,4
2621,8,1,5
2622,73,1,3
2623,16,0,5
2624,6,1,7
2625,33,0,3
2626,43,0,6
2627,25,2,5
2628,92,2,4
2629,52,2,3
2630,79,0,2
2631,23,2,5
2632,23,0,4
2633,18,1,3
2634,47,1,6
2635,76,2,5
2636,1,0,2
2637,30,0,4
2638,21,1,6
2639,14,2,6
2640,8,0,4
2641,23,0,5
2642,5,0,8
2643,85,0,4
2644,11,0,3
2645,42,0,4
2646,37,0,2
2647,6,1,2
2648,33,0,3
2649,14,1,6
2650,3,0,4
2651,2,0,4
2652,11,0,6
2653,24,2,5
2654,93,1,5
2655,6,1,6
2656,9,2,6
2657,24,0,2
2658,40,0,4
2659,31,1,5
2660,38,4,2
2661,10,1,5
2662,44,0,3
2663,24,0,4
2664,57,0,4
2665,80,0,2
2666,35,3,5
2667,85,0,3
2668,29,0,2
2669,4,4,4
2670,40,1,2
2671,41,1,5
2672,65,0,3
2673,15,0,4
2674,18,0,7
2675,17,2,5
2676,27,0,6
2677,50,0,5
2678,44,0,7
2679,17,0,2
2680,20,3,8
2681,66,1,5
2682,97,5,6
2683,75,0,4
2684,51,0,3
2685,44,2,7
2686,37,0,5
2687,40,0,6
2688,40,0,7
2689,61,3,4
2690,11,1,6
2691,11,0,5
2692,4,3,5
2693,28,0,3
2694,90,1,7
2695,89,1,2
2696,56,0,4
2697,19,0,4
2698,55,1,8
2699,60,0,4
2700,5,2,5
2701,18,3,7
2702,89,0,5
2703,67,1,3
2704,45,2,5
2705,26,0,4
2706,25,1,3
2707,44,2,4
2708,60,0,3
2709,1,1,4
2710,74,2,4
2711,13,1,4
2712,20,0,4
2713,94,1,4
2714,15,0,5
2715,32,1,3
2716,57,1,2
2717,6,0,5
2718,71,0,4
2719,11,0,3
2720,51,0,6
2721,5,0,5
2722,52,1,8
2723,59,0,5
2724,96,0,3
2725,4,2,5
2726,20,1,7
2727,38,0,4
2728,5,0,2
2729,7,2,4
2730,54,0,4
2731,10,1,4
2732,66,3,4
2733,29,2,2
2734,39,0,6
2735,28,0,4
2736,36,0,6
2737,54,5,5
2738,96,0,3
2739,51,0,6
2740,45,1,6
2741,34,0,3
2742,26,1,2
2743,19,1,5
2744,4,1,3
2745,73,3,2
2746,67,0,3
2747,91,3,7
2748,53,0,3
2749,19,1,7
2750,11,2,6
2751,28,0,5
2752,98,0,4
2753,85,0,4
2754,70,1,7
2755,52,1,4
2756,18,1,6
2757,17,2,5
2758,17,1,3
2759,92,1,5
2760,22,0,4
2761,53,2,5
2762,35,2,8
2763,18,3,5
2764,83,0,2
2765,14,2,4
2766,53,2,4
2767,95,0,4
2768,28,0,4
2769,74,0,4
2770,28,0,4
2771,38,0,2
2772,91,0,5
2773,8,0,2
2774,90,2,4
2775,39,1,6
2776,22,0,4
2777,16,0,2
2778,18,1,7
2779,15,2,7
2780,25,0,2
2781,34,1,2
2782,79,4,8
2783,34,1,6
2784,46,2,5
2785,10,2,2
2786,57,5,6
2787,38,4,4
2788,72,3,6
2789,19,1,2
2790,23,3,5
2791,26,0,3
2792,39,3,5
2793,42,3,4
2794,25,2,4
2795,57,1,6
2796,83,0,3
2797,53,3,4
2798,23,5,5
2799,73,1,2
2800,35,4,4
2801,43,1,3
2802,44,1,5
2803,37,2,3
2804,3,0,5
2805,18,0,4
2806,9,3,5
2807,51,0,4
2808,59,0,2
2809,30,2,6
2810,34,0,4
2811,24,0,6
2812,24,1,3
2813,45,2,7
2814,34,1,2
2815,20,0,5
2816,52,0,7
2817,82,1,4
2818,22,2,6
2819,84,2,8
2820,8,0,2
2821,55,4,6
2822,29,1,3
2823,15,1,4
2824,51,2,6
2825,49,0,7
2826,46,0,5
2827,19,1,4
2828,24,0,4
2829,8,1,7
2830,41,1,8
2831,33,0,5
2832,33,0,3
2833,45,0,3
2834,84,0,6
2835,13,2,7
2836,85,1,3
2837,12,2,6
2838,54,0,2
2839,3,0,5
2840,77,0,3
2841,17,0,5
2842,45,0,4
2843,12,0,4
2844,20,0,4
2845,10,0,3
2846,11,0,4
2847,36,0,3
2848,9,1,4
2849,19,0,5
2850,80,1,5
2851,61,0,2
2852,27,1,4
2853,7,2,3
2854,13,1,3
2855,16,0,3
2856,29,0,4
2857,60,0,3
2858,75,1,2
2859,81,0,2
2860,56,1,7
2861,20,2,4
2862,38,2,6
2863,10,0,4
2864,43,3,5
2865,89,1,3
2866,3,0,2
2867,10,3,5
2868,3,0,4
2869,18,0,6
2870,83,1,6
2871,4,0,2
2872,40,1,5
2873,74,0,3
2874,11,0,4
2875,16,0,6
2876,9,3,4
2877,53,0,4
2878,59,0,2
2879,28,1,4
2880,52,1,5
2881,19,3,3
2882,31,0,6
2883,8,1,2
2884,50,8,4
2885,18,0,3
2886,18,2,3
2887,11,1,6
2888,22,0,2
2889,17,0,5
2890,2,1,3
2891,3,0,3
2892,32,0,4
2893,13,0,4
2894,82,0,2
2895,12,4,6
2896,33,0,5
2897,80,2,3
2898,86,1,8
2899,10,0,8
2900,73,3,4
2901,1,2,2
2902,27,1,2
2903,80,0,4
2904,43,0,2
2905,16,2,5
2906,72,3,3
2907,17,3,6
2908,13,0,4
2909,2,3,8
2910,54,2,4
2911,17,0,4
2912,5,1,3
2913,42,1,2
2914,4,4,5
2915,17,0,5
2916,32,0,5
2917,28,1,5
2918,39,0,3
2919,48,3,5
2920,81,0,4
2921,82,0,4
2922,13,0,3
2923,83,3,5
2924,73,0,4
2925,2,1,4
2926,1,0,3
2927,16,3,6
2928,72,0,4
2929,11,0,5
2930,53,2,2
2931,17,0,3
2932,1,1,3
2933,43,1,3
2934,20,0,4
2935,70,3,5
2936,82,0,4
2937,58,0,4
2938,7,2,5
2939,13,0,5
2940,95,0,4
2941,1,6,5
2942,28,3,4
2943,81,2,4
2944,2,1,3
2945,3,0,5
2946,12,6,6
2947,47,0,4
2948,12,0,4
2949,46,1,7
2950,34,0,4
2951,28,0,4
2952,22,3,3
2953,1,3,2
2954,32,8,4
2955,87,3,4
2956,26,0,6
2957,42,5,4
2958,7,4,5
2959,32,2,4
2960,9,0,2
2961,42,1,4
2962,27,0,5
2963,86,0,6
2964,11,0,4
2965,83,0,2
2966,73,3,5
2967,17,0,2
2968,43,1,4
2969,79,0,3
2970,10,0,2
2971,14,1,5
2972,40,0,3
2973,21,1,5
2974,34,4,3
2975,22,5,5
2976,51,0,6
2977,15,0,3
2978,39,0,6
2979,13,1,2
2980,93,1,4
2981,57,2,2
2982,13,2,4
2983,12,2,7
2984,78,0,4
2985,27,3,3
2986,1,0,2
2987,11,9,5
2988,99,0,2
2989,36,0,2
2990,2,0,5
2991,6,5,7
2992,8,0,3
2993,93,4,7
2994,27,0,2
2995,46,0,2
2996,78,0,6
2997,1,0,5
2998,42,0,6
2999,98,0,5
3000,14,1,4
3001,63,0,3
3002,13,0,3
3003,13,0,6
3004,7,0,7
3005,94,0,5
3006,14,1,4
3007,37,0,4
3008,35,0,4
3009,82,0,4
3010,23,0,4
3011,12,0,3
3012,81,0,4
3013,44,0,3
3014,6,1,3
3015,27,3,3
3016,45,0,4
3017,26,2,8
3018,94,3,4
3019,26,0,3
3020,33,5,4
3021,21,1,2
3022,52,4,3
3023,36,0,4
3024,7,4,5
3025,81,0,3
3026,52,1,3
3027,46,1,3
3028,12,2,3
3029,58,0,2
3030,92,2,5
3031,33,1,6
3032,37,1,2
3033,41,8,8
3034,19,9,5
3035,32,2,2
3036,87,8,7
3037,94,0,2
3038,92,2,3
3039,20,2,4
3040,84,1,3
3041,32,1,3
3042,65,2,2
3043,40,1,3
3044,51,2,5
3045,12,0,3
3046,5,0,5
3047,87,1,3
3048,19,1,3
3049,22,0,4
3050,15,3,6
3051,54,9,7
3052,14,0,5
3053,46,3,4
3054,56,2,6
3055,16,2,4
3056,69,0,6
3057,4,0,4
3058,23,0,4
3059,24,0,6
3060,38,2,2
3061,19,1,2
3062,68,0,4
3063,25,0,8
3064,7,4,4
3065,66,0,4
3066,95,2,7
3067,52,0,5
3068,27,0,7
3069,3,0,3
3070,41,0,4
3071,18,1,4
3072,93,1,2
3073,8,1,3
3074,18,4,5
3075,49,0,3
3076,26,0,5
3077,14,0,2
3078,48,1,5
3079,47,2,6
3080,88,0,4
3081,14,1,4
3082,55,1,5
3083,7,1,2
3084,9,1,5
3085,59,9,7
3086,93,0,4
3087,39,2,3
3088,54,1,4
3089,27,3,3
3090,65,0,4
3091,88,2,5
3092,25,0,7
3093,12,0,2
3094,27,0,2
3095,79,8,6
3096,76,0,7
3097,10,2,2
3098,86,0,4
3099,83,1,2
3100,84,0,4
3101,51,1,4
3102,87,0,4
3103,76,5,4
3104,25,2,5
3105,32,1,2
3106,35,0,4
3107,35,0,5
3108,91,0,4
3109,17,0,3
3110,10,0,3
3111,40,1,5
3112,44,0,5
3113,94,1,3
3114,27,0,4
3115,85,0,5
3116,35,1,4
3117,32,0,4
3118,50,2,7
3119,37,2,4
3120,75,1,6
3121,80,2,8
3122,26,2,8
3123,77,0,4
3124,46,0,2
3125,53,8,5
3126,16,0,4
3127,2,0,3
3128,75,1,3
3129,15,2,4
3130,8,1,3
3131,39,0,2
3132,5,1,5
3133,94,0,2
3134,88,0,4
3135,99,1,5
3136,4,0,6
3137,11,1,7
3138,23,1,6
3139,50,2,2
3140,9,0,5
3141,24,2,2
3142,52,1,5
3143,97,2,5
3144,96,0,5
3145,27,0,4
3146,13,1,4
3147,14,1,4
3148,38,0,2
3149,57,2,4
3150,39,0,3
3151,1,0,4
3152,64,2,2
3153,26,0,5
3154,44,0,2
3155,51,0,7
3156,74,0,5
3157,79,1,5
3158,38,0,2
3159,62,1,2
3160,74,0,2
3161,3,0,7
3162,17,3,2
3163,63,0,5
3164,80,0,4
3165,26,0,3
3166,44,0,4
3167,45,0,4
3168,52,0,6
3169,49,9,6
3170,78,1,5
3171,24,0,4
3172,22,6,5
3173,90,2,4
3174,10,3,6
3175,68,2,2
3176,11,1,2
3177,55,2,5
3178,17,0,3
3179,46,7,4
3180,67,6,4
3181,71,8,5
3182,12,0,4
3183,58,4,3
3184,40,1,4
3185,45,0,6
3186,78,1,8
3187,41,5,3
3188,52,2,2
3189,57,2,4
3190,39,0,3
3191,15,1,2
3192,55,2,3
3193,54,0,3
3194,66,0,2
3195,16,6,3
3196,43,0,4
3197,54,0,5
3198,89,4,5
3199,64,1,5
3200,95,1,4
3201,92,0,5
3202,40,0,3
3203,83,3,4
3204,99,0,2
3205,17,4,5
3206,55,1,4
3207,82,0,6
3208,20,1,4
3209,56,0,6
3210,25,0,3
3211,49,4,5
3212,88,0,3
3213,44,1,3
3214,86,6,5
3215,25,0,2
3216,27,0,4
3217,87,2,3
3218,75,2,2
3219,23,7,8
3220,26,2,4
3221,14,0,4
3222,21,4,5
3223,58,7,4
3224,51,1,5
3225,13,3,6
3226,93,0,3
3227,91,1,5
3228,53,3,6
3229,52,1,5
3230,25,1,2
3231,18,1,2
3232,56,7,7
3233,20,2,3
3234,43,1,5
3235,24,0,5
3236,30,3,4
3237,25,0,5
3238,81,2,5
3239,27,2,4
3240,26,1,5
3241,80,0,2
3242,63,9,4
3243,45,0,4
3244,70,6,6
3245,15,1,5
3246,54,2,4
3247,81,2,2
3248,78,1,4
3249,11,0,4
3250,19,0,3
3251,38,0,3
3252,83,1,5
3253,39,3,3
3254,94,1,5
3255,56,5,2
3256,6,1,5
3257,31,1,2
3258,6,0,2
3259,5,5,4
3260,53,1,7
3261,57,1,4
3262,13,1,5
3263,6,5,7
3264,5,2,5
3265,12,0,3
3266,19,7,4
3267,24,0,4
3268,82,4,2
3269,18,0,5
3270,67,3,3
3271,13,4,3
3272,57,7,8
3273,77,1,6
3274,85,2,5
3275,8,1,5
3276,97,4,6
3277,90,1,3
3278,62,5,4
3279,95,9,8
3280,37,2,6
3281,63,3,4
3282,55,0,3
3283,96,2,4
3284,21,0,4
3285,5,1,4
3286,74,0,4
3287,29,0,5
3288,50,6,6
3289,12,0,7
3290,50,7,7
3291,90,0,4
3292,88,6,4
3293,20,0,3
3294,4,0,5
3295,84,2,7
3296,57,0,2
3297,15,0,8
3298,12,0,2
3299,49,0,4
3300,93,0,2
3301,9,0,5
3302,54,0,4
3303,19,1,3
3304,61,0,3
3305,14,0,4
3306,45,9,8
3307,50,1,3
3308,22,0,5
3309,10,0,6
3310,27,1,8
3311,36,0,4
3312,53,2,4
3313,11,3,5
3314,51,4,4
3315,14,2,4
3316,51,0,2
3317,8,6,5
3318,55,0,2
3319,4,2,5
3320,95,2,3
3321,96,0,2
3322,26,4,5
3323,3,5,5
3324,89,5,3
3325,43,0,4
3326,38,3,7
3327,37,0,2
3328,89,0,4
3329,60,2,3
3330,63,2,5
3331,25,5,4
3332,65,3,8
3333,57,5,5
3334,15,0,3
3335,92,7,6
3336,66,3,5
3337,94,1,2
3338,82,1,4
3339,52,0,7
3340,14,1,2
3341,14,7,3
3342,37,1,6
3343,15,1,6
3344,66,1,4
3345,49,1,7
3346,21,3,4
3347,58,0,3
3348,51,1,4
3349,3,0,5
3350,34,0,3
3351,85,3,4
3352,21,1,2
3353,64,4,6
3354,16,1,8
3355,8,0,6
3356,28,2,6
3357,21,1,3
3358,52,7,4
3359,62,1,4
3360,44,2,7
3361,21,0,3
3362,61,0,4
3363,20,0,2
3364,4,0,2
3365,38,2,6
3366,15,0,4
3367,38,0,2
3368,98,0,4
3369,34,3,6
3370,17,0,2
3371,12,0,3
3372,55,0,4
3373,33,0,2
3374,15,0,2
3375,17,0,5
3376,44,3,5
3377,15,1,7
3378,22,5,6
3379,20,0,2
3380,39,0,2
3381,78,8,4
3382,93,0,4
3383,22,5,4
3384,91,1,5
3385,86,0,6
3386,60,5,3
3387,26,2,4
3388,15,0,3
3389,19,0,3
3390,95,0,3
3391,18,1,4
3392,81,1,4
3393,45,5,3
3394,59,0,6
3395,51,4,6
3396,54,2,2
3397,15,1,5
3398,34,0,3
3399,18,3,3
3400,72,5,4
3401,52,1,2
3402,72,0,3
3403,52,1,4
3404,13,2,4
3405,34,5,5
3406,37,3,2
3407,7,0,6
3408,58,5,6
3409,70,0,2
3410,35,3,4
3411,73,1,5
3412,97,2,2
3413,6,3,5
3414,48,2,3
3415,16,2,7
3416,7,0,6
3417,54,2,3
3418,5,0,5
3419,49,4,5
3420,14,1,2
3421,94,1,3
3422,48,0,2
3423,72,2,4
3424,53,0,4
3425,6,0,5
3426,12,2,4
3427,69,6,4
3428,9,0,3
3429,17,0,2
3430,2,0,5
3431,14,0,4
3432,6,0,4
3433,98,0,3
3434,35,0,5
3435,87,0,2
3436,98,0,4
3437,90,1,8
3438,45,0,2
3439,85,3,4
3440,4,4,4
3441,16,2,4
3442,5,4,4
3443,83,0,3
3444,79,4,6
3445,1,3,5
3446,73,1,4
3447,89,3,6
3448,48,0,4
3449,4,5,6
3450,5,0,2
3451,68,3,3
3452,45,4,3
3453,42,2,3
3454,56,6,7
3455,81,1,2
3456,34,1,3
3457,92,2,7
3458,80,2,6
3459,23,1,5
3460,14,1,2
3461,85,2,4
3462,87,0,3
3463,30,0,3
3464,6,0,7
3465,24,0,6
3466,34,0,4
3467,6,0,5
3468,35,2,8
3469,55,7,6
3470,50,5,5
3471,25,3,4
3472,3,5,8
3473,47,0,6
3474,49,0,4
3475,6,1,5
3476,2,2,5
3477,46,0,3
3478,38,0,2
3479,57,2,4
3480,32,0,2
3481,20,1,4
3482,34,0,3
3483,19,4,5
3484,1,0,4
3485,6,1,2
3486,37,0,2
3487,83,0,4
3488,78,1,4
3489,85,0,7
3490,14,3,5
3491,64,2,8
3492,9,3,4
3493,96,2,3
3494,67,1,3
3495,49,2,7
3496,86,0,3
3497,2,2,5
3498,17,0,4
3499,10,0,7
3500,14,0,2
3501,13,0,4
3502,88,2,5
3503,54,1,3
3504,6,2,6
3505,33,0,4
3506,4,0,2
3507,1,0,3
3508,92,2,5
3509,63,1,3
3510,15,1,4
3511,49,2,3
3512,12,0,3
3513,87,0,4
3514,1,1,3
3515,8,5,4
3516,89,3,2
3517,47,2,3
3518,53,1,3
3519,5,2,8
3520,23,0,3
3521,36,0,5
3522,88,0,3
3523,76,3,3
3524,8,0,2
3525,34,0,2
3526,90,0,4
3527,55,1,4
3528,48,2,7
3529,65,1,2
3530,89,0,2
3531,31,1,3
3532,82,1,4
3533,18,0,3
3534,13,2,5
3535,47,6,4
3536,17,0,3
3537,23,3,7
3538,13,0,4
3539,93,0,4
3540,23,0,3
3541,21,4,3
3542,45,0,4
3543,11,2,4
3544,57,0,5
3545,76,0,4
3546,94,1,5
3547,4,2,3
3548,84,0,6
3549,12,0,6
3550,75,8,4
3551,4,0,4
3552,14,0,6
3553,5,6,5
3554,13,0,4
3555,75,0,3
3556,95,0,3
3557,5,1,3
3558,27,0,2
3559,54,0,4
3560,14,3,6
3561,24,0,5
3562,47,0,3
3563,36,0,3
3564,15,3,5
3565,22,0,4
3566,74,1,3
3567,29,0,3
3568,27,1,4
3569,33,0,3
3570,42,4,7
3571,21,0,8
3572,42,2,4
3573,14,0,4
3574,53,0,4
3575,97,1,2
3576,5,3,4
3577,66,0,3
3578,56,2,5
3579,93,0,2
3580,32,0,7
3581,36,5,3
3582,8,0,4
3583,33,0,6
3584,26,0,2
3585,32,1,5
3586,4,0,4
3587,5,0,3
3588,30,1,3
3589,3,2,3
3590,24,2,5
3591,74,2,4
3592,8,0,5
3593,42,0,3
3594,81,0,3
3595,5,9,8
3596,31,0,3
3597,37,2,3
3598,11,4,2
3599,5,0,2
3600,54,0,4
3601,84,1,4
3602,46,1,4
3603,33,3,4
3604,53,0,5
3605,55,1,4
3606,9,0,7
3607,33,1,2
3608,63,0,4
3609,46,2,8
3610,25,3,4
3611,32,2,7
3612,4,3,3
3613,82,0,2
3614,5,0,4
3615,13,1,4
3616,83,0,7
3617,84,0,3
3618,38,2,2
3619,10,1,3
3620,37,1,5
3621,54,7,4
3622,38,1,4
3623,17,0,3
3624,77,0,3
3625,42,4,6
3626,43,0,5
3627,12,1,2
3628,2,2,4
3629,49,1,4
3630,61,0,3
3631,35,0,4
3632,25,1,5
3633,1,5,3
3634,16,0,5
3635,30,0,4
3636,11,1,3
3637,24,1,2
3638,15,8,8
3639,36,7,7
3640,77,1,6
3641,76,0,3
3642,6,1,3
3643,31,1,4
3644,51,4,6
3645,87,0,2
3646,10,2,4
3647,56,6,5
3648,3,0,3
3649,12,0,6
3650,38,0,4
3651,8,3,3
3652,28,0,3
3653,82,1,4
3654,25,4,5
3655,31,0,2
3656,33,2,4
3657,22,0,4
3658,22,2,5
3659,43,2,7
3660,36,0,5
3661,2,0,4
3662,48,1,8
3663,33,0,4
3664,4,0,8
3665,1,1,4
3666,4,2,2
3667,23,0,3
3668,81,0,2
3669,48,0,5
3670,55,1,3
3671,26,0,2
3672,88,0,2
3673,86,3,4
3674,23,0,5
3675,2,2,5
3676,1,0,6
3677,89,0,2
3678,14,0,2
3679,21,0,2
3680,90,1,7
3681,18,1,3
3682,57,0,5
3683,16,0,8
3684,42,0,5
3685,34,4,4
3686,47,1,6
3687,85,0,3
3688,43,1,5
3689,46,1,4
3690,85,4,3
3691,32,2,3
3692,47,0,7
3693,46,0,4
3694,89,0,4
3695,20,7,6
3696,24,0,3
3697,98,2,5
3698,53,0,4
3699,19,0,4
3700,24,0,3
3701,50,0,5
3702,62,8,7
3703,4,0,4
3704,3,4,6
3705,33,0,4
3706,35,1,5
3707,16,0,4
3708,16,0,4
3709,30,0,5
3710,69,1,4
3711,76,2,5
3712,14,7,5
3713,54,0,2
3714,44,0,3
3715,61,1,4
3716,32,0,2
3717,84,1,4
3718,53,0,2
3719,29,0,4
3720,3,0,6
3721,62,0,6
3722,52,1,2
3723,60,0,4
3724,32,0,2
3725,11,0,5
3726,27,0,4
3727,57,0,4
3728,13,1,6
3729,99,0,4
3730,25,1,6
3731,36,0,3
3732,35,1,2
3733,85,0,6
3734,89,2,2
3735,81,0,2
3736,29,1,5
3737,17,1,3
3738,7,4,2
3739,90,0,4
3740,24,0,3
3741,94,0,2
3742,44,3,8
3743,44,2,4
3744,60,0,2
3745,75,1,3
3746,99,7,8
3747,43,2,4
3748,26,1,5
3749,89,0,5
3750,15,0,5
3751,3,2,5
3752,36,0,7
3753,21,1,5
3754,2,4,7
3755,22,0,6
3756,82,0,4
3757,9,1,3
3758,69,5,5
3759,45,1,3
3760,45,8,5
3761,22,0,4
3762,9,5,2
3763,46,0,5
3764,41,1,7
3765,62,0,4
3766,61,1,2
3767,35,0,5
3768,41,0,5
3769,3,0,8
3770,1,0,2
3771,40,0,4
3772,69,6,6
3773,51,1,3
3774,28,2,5
3775,20,0,3
3776,74,1,3
3777,16,0,5
3778,50,4,8
3779,18,0,4
3780,64,1,4
3781,6,1,4
3782,65,1,2
3783,76,3,5
3784,1,0,4
3785,28,5,4
3786,19,0,4
3787,10,0,4
3788,75,6,6
3789,11,0,4
3790,3,1,2
3791,59,0,5
3792,77,0,8
3793,43,0,6
3794,17,1,4
3795,20,0,8
3796,86,1,8
3797,13,0,4
3798,52,1,6
3799,12,2,2
3800,19,0,4
3801,23,0,5
3802,36,0,3
3803,60,0,2
3804,56,0,7
3805,27,0,4
3806,55,1,6
3807,30,1,3
3808,12,2,5
3809,45,0,4
3810,45,0,2
3811,7,0,3
3812,31,0,4
3813,49,2,7
3814,54,0,4
3815,70,0,2
3816,35,0,3
3817,29,1,4
3818,2,3,5
3819,91,0,6
3820,59,0,3
3821,36,1,7
3822,40,0,4
3823,1,0,5
3824,26,3,5
3825,99,1,4
3826,60,0,2
3827,34,0,4
3828,87,0,3
3829,68,0,5
3830,8,0,3
3831,75,3,4
3832,53,0,3
3833,67,3,4
3834,9,2,4
3835,10,2,4
3836,41,0,5
3837,18,0,3
3838,63,0,2
3839,19,0,5
3840,35,0,4
3841,15,1,4
3842,27,0,5
3843,40,0,4
3844,85,0,4
3845,42,0,4
3846,7,3,6
3847,6,1,3
3848,24,0,3
3849,61,0,4
3850,56,1,6
3851,30,1,5
3852,34,0,5
3853,50,1,3
3854,7,0,4
3855,74,0,5
3856,90,1,5
3857,69,1,4
3858,49,1,3
3859,40,2,2
3860,60,0,4
3861,69,2,6
3862,41,0,2
3863,87,3,4
3864,25,0,6
3865,89,0,4
3866,74,2,4
3867,49,0,4
3868,18,3,5
3869,9,0,4
3870,29,0,4
3871,2,0,3
3872,16,0,5
3873,2,0,6
3874,34,1,6
3875,26,2,4
3876,28,0,3
3877,40,0,4
3878,91,0,7
3879,32,0,3
3880,6,0,4
3881,41,5,4
3882,81,0,2
3883,14,1,4
3884,58,0,4
3885,9,0,5
3886,63,0,3
3887,15,0,3
3888,30,0,3
3889,55,0,4
3890,68,1,5
3891,37,1,2
3892,2,4,3
3893,2,0,5
3894,59,4,6
3895,7,2,4
3896,20,0,4
3897,61,1,3
3898,8,6,7
3899,15,4,6
3900,49,0,5
3901,87,0,3
3902,88,1,5
3903,6,0,4
3904,20,3,4
3905,61,0,3
3906,64,1,5
3907,19,0,5
3908,92,1,3
3909,18,4,5
3910,49,0,4
3911,58,1,2
3912,5,0,3
3913,99,0,2
3914,68,0,4
3915,18,1,2
3916,5,1,6
3917,33,0,4
3918,17,3,7
3919,15,0,4
3920,31,0,3
3921,58,1,6
3922,51,0,4
3923,68,2,3
3924,9,2,4
3925,11,0,3
3926,39,0,3
3927,21,3,7
3928,37,0,4
3929,38,0,4
3930,88,3,5
3931,46,1,2
3932,90,0,7
3933,4,0,4
3934,42,0,4
3935,10,1,4
3936,54,0,3
3937,55,0,5
3938,20,0,4
3939,7,0,5
3940,12,0,4
3941,19,2,4
3942,10,0,5
3943,39,2,4
3944,31,4,3
3945,21,1,6
3946,29,0,4
3947,23,1,5
3948,24,2,2
3949,39,0,3
3950,14,3,7
3951,16,1,4
3952,31,0,4
3953,68,0,8
3954,23,0,3
3955,5,0,2
3956,1,9,8
3957,30,2,7
3958,42,4,4
3959,37,0,5
3960,15,0,2
3961,21,0,4
3962,81,0,2
3963,14,0,5
3964,18,0,4
3965,97,0,3
3966,42,0,7
3967,33,0,4
3968,7,0,2
3969,51,1,4
3970,11,1,4
3971,77,5,6
3972,5,1,4
3973,29,0,6
3974,17,0,3
3975,32,1,5
3976,43,0,4
3977,60,3,5
3978,5,0,3
3979,33,1,4
3980,52,2,3
3981,84,0,6
3982,7,0,3
3983,24,0,5
3984,51,1,3
3985,65,0,2
3986,50,0,4
3987,4,0,4
3988,21,0,5
3989,89,0,8
3990,67,3,7
3991,38,0,4
3992,18,1,2
3993,10,0,5
3994,17,2,4
3995,37,0,3
3996,92,0,3
3997,16,0,5
3998,17,0,2
3999,96,1,4
4000,38,2,4
4001,25,0,3
4002,39,0,5
4003,20,0,4
4004,52,0,7
4005,30,1,4
4006,4,0,5
4007,7,2,4
4008,64,0,2
4009,19,1,5
4010,11,1,5
4011,95,0,3
4012,49,0,7
4013,52,0,2
4014,54,1,4
4015,69,4,2
4016,99,0,2
4017,22,0,2
4018,7,0,3
4019,4,3,4
4020,8,0,7
4021,51,0,6
4022,17,1,4
4023,33,0,4
4024,85,1,2
4025,98,2,3
4026,88,0,2
4027,52,3,4
4028,50,2,6
4029,3,2,5
4030,59,1,6
4031,34,1,4
4032,13,1,4
4033,56,0,7
4034,34,5,6
4035,8,1,5
4036,33,1,4
4037,28,1,5
4038,65,1,6
4039,2,1,5
4040,11,0,3
4041,7,1,4
4042,44,0,2
4043,20,0,5
4044,21,0,3
4045,37,2,7
4046,15,8,7
4047,7,1,3
4048,42,0,6
4049,29,2,4
4050,41,2,5
4051,13,0,4
4052,30,2,7
4053,34,3,3
4054,51,0,4
4055,18,0,5
4056,68,0,3
4057,31,2,5
4058,48,0,4
4059,32,0,2
4060,13,0,5
4061,21,1,7
4062,52,2,3
4063,66,0,4
4064,8,0,5
4065,42,3,6
4066,32,2,4
4067,8,1,5
4068,3,0,3
4069,53,0,5
4070,48,0,3
4071,52,0,2
4072,40,2,5
4073,44,0,3
4074,33,1,2
4075,33,1,5
4076,73,1,2
4077,66,0,5
4078,50,1,8
4079,38,0,4
4080,35,1,4
4081,44,0,3
4082,25,1,2
4083,8,2,4
4084,31,1,5
4085,44,0,2
4086,76,1,2
4087,30,0,4
4088,58,2,4
4089,13,3,7
4090,7,1,4
4091,45,5,3
4092,14,2,5
4093,12,0,6
4094,29,1,6
4095,47,0,5
4096,19,5,7
4097,4,1,2
4098,17,2,3
4099,22,2,5
4100,39,0,6
4101,3,0,4
4102,9,0,3
4103,37,1,4
4104,32,1,4
4105,37,1,2
4106,67,0,4
4107,38,2,3
4108,14,1,5
4109,51,0,4
4110,38,5,5
4111,31,0,6
4112,35,1,4
4113,52,0,4
4114,29,0,4
4115,18,1,4
4116,17,0,3
4117,63,0,3
4118,14,0,6
4119,8,0,5
4120,67,1,2
4121,40,1,5
4122,44,0,2
4123,42,0,4
4124,15,5,4
4125,46,3,4
4126,7,4,7
4127,11,2,4
4128,22,0,5
4129,51,0,5
4130,55,2,4
4131,34,1,5
4132,91,0,4
4133,3,5,4
4134,55,3,4
4135,54,1,5
4136,32,0,2
4137,42,2,7
4138,27,0,4
4139,62,8,8
4140,33,0,4
4141,45,0,7
4142,18,1,4
4143,3,1,4
4144,21,0,3
4145,17,1,4
4146,35,2,5
4147,53,2,4
4148,41,0,6
4149,39,0,6
4150,67,2,4
4151,58,1,5
4152,56,4,6
4153,32,0,4
4154,13,1,2
4155,17,1,2
4156,36,2,3
4157,42,0,5
4158,28,0,5
4159,61,3,6
4160,36,3,3
4161,32,0,5
4162,61,0,3
4163,47,0,2
4164,90,0,5
4165,53,8,4
4166,76,0,2
4167,93,2,5
4168,98,3,6
4169,71,0,5
4170,13,0,5
4171,57,0,2
4172,42,2,3
4173,72,2,4
4174,31,0,4
4175,32,0,2
4176,86,5,4
4177,27,1,5
4178,75,5,4
4179,14,9,2
4180,68,9,3
4181,14,9,4
4182,46,9,4
4183,48,9,5
4184,80,9,3
4185,66,9,2
4186,12,9,5
4187,3,9,2
4188,48,9,2
4189,36,9,6
4190,96,9,3
4191,21,9,2
4192,47,9,5
4193,10,9,4
4194,11,9,8
4195,26,9,4
4196,23,9,6
4197,87,9,2
4198,8,9,5
4199,17,9,4
4200,60,9,4
4201,1,9,5
4202,99,9,5
4203,27,9,2
4204,40,9,6
4205,17,9,4
4206,74,9,4
4207,20,9,3
4208,14,9,4
4209,27,9,2
4210,19,9,4
4211,14,9,5
4212,83,9,3
4213,48,9,4
4214,20,9,2
4215,83,9,5
4216,73,9,4
4217,1,9,5
4218,52,9,2
4219,3,9,3
4220,24,9,5
4221,68,9,3
4222,89,9,5
4223,74,9,4
4224,63,9,7
4225,31,9,5
4226,45,9,7
4227,94,9,2
4228,41,9,3
4229,80,9,5
4230,73,9,2
4231,74,9,4
4232,79,9,3
4233,88,9,5
4234,35,9,2
4235,87,9,3
4236,79,9,4
4237,66,9,5
4238,81,9,3
4239,26,9,4
4240,11,9,7
4241,10,9,2
4242,17,9,6
4243,24,9,5
4244,53,9,3
4245,11,9,3
4246,1,9,5
4247,82,9,4
4248,26,9,5
4249,34,9,7
4250,46,9,5
4251,66,9,5
4252,29,9,5
4253,14,9,7
4254,40,9,7
4255,31,9,4
4256,21,9,3
4257,58,9,7
4258,5,9,6
4259,92,9,4
4260,64,9,5
4261,14,9,3
4262,68,9,5
4263,43,9,3
4264,29,9,5
4265,90,9,4
4266,52,9,7
4267,83,9,4
4268,89,9,3
4269,45,9,4
4270,73,9,5
4271,31,9,3
4272,5,9,4
4273,82,9,3
4274,67,9,5
4275,44,9,4
4276,81,9,3
4277,3,9,4
4278,58,9,7
4279,43,9,5
4280,46,9,6
4281,28,9,4
4282,95,9,5
4283,57,9,4
4284,5,9,6
4285,54,9,3
4286,4,9,4
4287,26,9,6
4288,8,9,2
4289,33,9,6
4290,63,9,7
4291,77,9,2
4292,18,9,2
4293,38,9,4
4294,64,9,3
4295,82,9,2
4296,81,9,6
4297,3,9,5
4298,54,9,6
4299,52,9,3
4300,5,9,7
4301,10,9,5
4302,42,9,8
4303,12,9,7
4304,25,9,4
4305,21,9,5
4306,92,9,5
4307,12,9,2
4308,12,9,3
4309,74,9,5
4310,95,9,6
4311,68,9,5
4312,94,9,8
4313,54,9,6
4314,68,9,5
4315,5,9,2
4316,15,9,2
4317,24,9,4
4318,45,9,4
4319,18,9,4
4320,52,9,5
4321,45,9,7
4322,95,9,5
4323,80,9,4
4324,17,9,7
4325,23,9,5
4326,61,9,4
4327,18,9,4
4328,17,9,4
4329,81,9,6
4330,96,9,2
4331,67,9,5
4332,67,9,4
4333,1,9,2
4334,10,9,5
4335,59,9,5
4336,31,9,5
4337,52,9,8
4338,12,9,5
4339,17,9,2
4340,91,9,4
4341,31,9,4
4342,27,9,3
4343,24,9,2
4344,57,9,4
4345,1,9,6
4346,6,9,5
4347,45,9,4
4348,19,9,4
4349,43,9,3
4350,58,9,7
4351,41,9,3
4352,19,9,4
4353,18,9,3
4354,7,9,4
4355,61,9,3
4356,59,9,2
4357,9,9,3
4358,21,9,4
4359,97,9,5
4360,27,9,2
4361,91,9,4
4362,94,9,4
4363,53,9,3
4364,25,9,4
4365,46,9,3
4366,59,9,3
4367,66,9,4
4368,22,9,7
4369,26,9,3
4370,68,9,7
4371,3,9,3
4372,21,9,2
4373,80,9,5
4374,1,9,3
4375,58,9,4
4376,58,9,6
4377,11,9,5
4378,40,9,4
4379,95,9,2
4380,24,9,3
4381,58,9,5
4382,3,9,4
4383,81,9,8
4384,38,9,3
4385,100,9,5
4386,52,9,3
4387,25,9,2
4388,95,9,4
4389,47,9,4
4390,5,9,5
4391,17,9,4
4392,8,9,3
4393,33,9,5
4394,12,9,2
4395,14,9,5
4396,40,9,6
4397,8,9,3
4398,56,9,6
4399,53,9,4
4400,82,9,5
4401,26,9,4
4402,12,9,3
4403,9,9,6
4404,99,9,4
4405,18,9,2
4406,35,9,3
4407,24,9,3
4408,59,9,5
4409,6,9,4
4410,30,9,6
4411,5,9,2
4412,18,9,2
4413,41,9,3
4414,66,9,7
4415,1,9,5
4416,21,9,8
4417,60,9,3
4418,66,9,5
4419,14,9,4
4420,53,9,6
4421,22,9,4
4422,52,9,2
4423,96,9,3
4424,20,9,3
4425,35,9,4
4426,10,9,4
4427,88,9,5
4428,22,9,4
4429,83,0,5
4430,96,0,4
4431,67,0,4
4432,87,0,4
4433,16,0,2
4434,66,0,3
4435,52,0,4
4436,75,0,3
4437,67,0,2
4438,43,2,4
4439,88,0,6
4440,40,0,5
4441,75,0,3
4442,72,0,4
4443,34,4,4
4444,15,2,5
4445,37,5,4
4446,91,2,6
4447,15,3,5
4448,33,0,4
4449,54,2,3
4450,87,1,6
4451,45,0,2
4452,50,1,4
4453,92,0,4
4454,84,1,4
4455,7,2,5
4456,80,0,5
4457,94,0,4
4458,50,1,5
4459,20,0,4
4460,66,2,3
4461,54,1,2
4462,28,0,2
4463,38,3,5
4464,94,0,5
4465,80,0,4
4466,38,0,2
4467,96,0,5
4468,88,0,7
4469,66,1,4
4470,35,0,4
4471,75,1,7
4472,94,2,5
4473,80,0,5
4474,26,1,6
4475,36,3,4
4476,40,1,2
4477,35,1,2
4478,73,0,5
4479,23,1,3
4480,39,0,4
4481,81,1,5
4482,19,1,4
4483,88,0,6
4484,48,0,4
4485,86,1,5
4486,66,0,5
4487,66,2,4
4488,66,3,3
4489,42,0,4
4490,70,0,7
4491,35,0,2
4492,48,0,4
4493,56,0,4
4494,27,0,6
4495,55,0,5
4496,36,2,5
4497,57,0,4
4498,30,0,4
4499,87,1,2
4500,8,1,5
4501,47,0,3
4502,48,0,5
4503,18,3,4
4504,56,0,3
4505,74,0,4
4506,68,0,5
4507,31,0,4
4508,89,0,5
4509,28,1,8
4510,26,2,5
4511,7,0,4
4512,54,0,4
4513,92,0,5
4514,95,0,3
4515,47,1,2
4516,55,1,5
4517,22,0,3
4518,49,2,8
4519,47,1,6
4520,10,0,2
4521,9,0,7
4522,91,0,3
4523,88,0,6
4524,29,0,4
4525,81,1,2
4526,74,0,3
4527,79,1,6
4528,87,1,2
4529,53,1,5
4530,81,0,4
4531,95,0,3
4532,16,0,2
4533,82,0,4
4534,44,0,3
4535,16,0,6
4536,9,0,6
4537,8,1,2
4538,61,3,5
4539,48,0,7
4540,54,0,3
4541,54,0,2
4542,95,1,4
4543,72,1,8
4544,73,0,4
4545,46,0,3
4546,11,0,2
4547,47,0,5
4548,61,5,4
4549,61,1,7
4550,85,0,4
4551,8,2,2
4552,21,0,2
4553,74,2,3
4554,71,0,6
4555,32,1,6
4556,95,0,5
4557,89,0,4
4558,57,4,2
4559,9,0,4
4560,33,1,3
4561,83,3,8
4562,23,4,5
4563,26,1,4
4564,87,0,2
4565,31,1,4
4566,81,2,4
4567,54,1,4
4568,56,1,2
4569,91,1,3
4570,61,0,2
4571,96,0,3
4572,41,0,3
4573,57,0,4
4574,87,1,4
4575,68,1,5
4576,74,0,2
4577,48,0,7
4578,99,0,4
4579,97,0,2
4580,93,0,2
4581,68,4,2
4582,17,1,2
4583,75,1,2
4584,68,1,3
4585,51,6,4
4586,86,0,4
4587,45,2,3
4588,95,1,2
4589,94,0,4
4590,81,1,2
4591,47,2,5
4592,27,0,3
4593,50,0,6
4594,80,2,5
4595,37,2,4
4596,91,1,6
4597,82,0,5
4598,74,1,8
4599,53,1,5
4600,16,0,5
4601,6,0,5
4602,82,0,4
4603,24,1,6
4604,75,1,3
4605,25,2,5
4606,77,0,3
4607,47,2,5
4608,95,0,4
4609,6,0,3
4610,78,0,5
4611,61,0,6
4612,27,0,4
4613,70,3,3
4614,86,1,4
4615,80,1,4
4616,90,1,3
4617,52,0,4
4618,25,0,2
4619,68,0,4
4620,88,0,3
4621,82,0,4
4622,55,0,4
4623,68,0,3
4624,88,1,7
4625,10,1,3
4626,80,0,6
4627,10,1,5
4628,82,1,5
4629,57,2,6
4630,22,0,4
4631,89,3,4
4632,53,2,5
4633,53,0,2
4634,51,2,3
4635,96,1,3
4636,26,0,4
4637,24,1,5
4638,62,1,5
4639,82,0,2
4640,75,0,4
4641,78,2,6
4642,6,0,3
4643,51,0,4
4644,46,0,4
4645,5,1,2
4646,89,0,4
4647,35,0,2
4648,10,0,5
4649,21,0,4
4650,52,1,4
4651,35,0,3
4652,67,2,4
4653,21,0,6
4654,28,1,6
4655,94,2,5
4656,95,0,2
4657,41,1,2
4658,28,0,7
4659,25,3,6
4660,43,6,6
4661,26,2,4
4662,37,3,7
4663,50,3,4
4664,96,2,4
4665,11,0,5
4666,60,0,2
4667,40,0,5
4668,22,0,5
4669,37,2,6
4670,94,2,5
4671,6,0,4
4672,95,0,4
4673,9,1,3
4674,10,0,3
4675,43,0,7
4676,78,0,4
4677,22,1,4
4678,15,1,2
4679,87,1,5
4680,51,1,4
4681,86,1,4
4682,13,0,2
4683,41,1,7
4684,36,0,5
4685,10,1,4
4686,80,1,5
4687,40,2,5
4688,61,1,5
4689,7,0,3
4690,38,0,4
4691,82,0,7
4692,20,0,4
4693,46,1,5
4694,68,1,3
4695,88,0,4
4696,50,1,6
4697,38,1,4
4698,54,0,3
4699,79,0,7
4700,95,0,4
4701,11,1,6
4702,95,0,4
4703,23,2,3
4704,7,1,7
4705,23,0,7
4706,39,1,3
4707,19,1,4
4708,81,3,7
4709,38,0,4
4710,32,0,3
4711,51,0,5
4712,44,3,4
4713,5,1,5
4714,93,1,5
4715,94,1,7
4716,45,1,3
4717,21,0,5
4718,52,0,3
4719,30,0,7
4720,21,1,4
4721,45,0,2
4722,41,0,3
4723,82,0,6
4724,73,2,3
4725,24,1,5
4726,49,3,6
4727,83,4,4
4728,52,1,3
4729,81,0,2
4730,50,0,7
4731,40,0,2
4732,87,0,6
4733,49,4,8
4734,37,0,5
4735,49,0,2
4736,79,0,4
4737,6,0,4
4738,23,0,6
4739,46,0,4
4740,67,1,7
4741,65,3,5
4742,98,1,2
4743,88,2,2
4744,84,1,4
4745,55,0,2
4746,41,0,3
4747,88,2,4
4748,66,4,3
4749,80,0,2
4750,67,1,3
4751,87,0,5
4752,42,2,4
4753,52,0,4
4754,18,2,4
4755,59,0,2
4756,42,0,4
4757,74,0,4
4758,25,0,5
4759,6,3,8
4760,4,3,4
4761,81,2,4
4762,20,0,2
4763,49,1,5
4764,27,0,2
4765,53,5,4
4766,4,0,3
4767,29,0,5
4768,42,2,5
4769,31,0,3
4770,6,0,4
4771,20,0,3
4772,46,1,3
4773,90,3,4
4774,52,0,4
4775,6,1,6
4776,8,5,7
4777,87,3,5
4778,86,1,2
4779,92,0,2
4780,21,1,4
4781,5,0,5
4782,79,0,4
4783,96,0,4
4784,34,2,3
4785,46,4,4
4786,95,0,4
4787,28,1,5
4788,9,1,6
4789,80,2,5
4790,78,0,2
4791,73,0,4
4792,60,0,5
4793,59,1,3
4794,10,0,2
4795,62,1,4
4796,5,4,6
4797,6,0,6
4798,39,1,7
4799,88,1,2
4800,4,0,6
4801,49,0,2
4802,20,1,5
4803,91,0,3
4804,22,0,3
4805,6,0,7
4806,95,0,5
4807,85,4,4
4808,40,0,6
4809,73,0,5
4810,41,0,7
4811,4,1,3
4812,39,3,4
4813,30,1,4
4814,50,1,3
4815,38,1,6
4816,24,0,4
4817,24,1,6
4818,58,0,4
4819,39,0,7
4820,62,1,7
4821,89,2,4
4822,19,0,4
4823,61,0,2
4824,31,1,4
4825,73,1,4
4826,73,0,7
4827,44,0,6
4828,7,2,4
4829,51,0,5
4830,3,0,4
4831,30,0,2
4832,5,2,4
4833,67,1,4
4834,23,0,6
4835,82,0,4
4836,60,2,6
4837,29,0,7
4838,61,0,3
4839,36,3,7
4840,4,8,6
4841,9,0,2
4842,17,0,2
4843,22,0,6
4844,45,0,5
4845,25,1,6
4846,60,5,4
4847,26,0,2
4848,61,0,3
4849,88,2,6
4850,5,0,4
4851,40,3,2
4852,38,2,3
4853,46,0,3
4854,56,0,6
4855,61,0,3
4856,86,0,5
4857,60,0,6
4858,56,0,2
4859,96,0,2
4860,52,2,3
4861,74,3,4
4862,49,0,3
4863,59,0,2
4864,41,1,5
4865,60,1,4
4866,67,1,8
4867,16,0,5
4868,60,3,7
4869,60,0,5
4870,40,2,7
4871,43,0,3
4872,90,0,2
4873,86,6,5
4874,49,1,4
4875,19,0,4
4876,83,0,6
4877,10,0,4
4878,55,0,4
4879,95,3,6
4880,19,1,2
4881,4,0,2
4882,7,0,3
4883,8,1,5
4884,41,1,3
4885,29,0,4
4886,28,0,4
4887,58,0,4
4888,3,2,3
4889,74,1,2
4890,18,0,8
4891,56,0,6
4892,31,0,3
4893,5,0,3
4894,24,1,4
4895,81,0,3
4896,34,0,3
4897,31,1,3
4898,41,1,4
4899,78,0,2
4900,5,0,4
4901,78,2,4
4902,50,2,4
4903,66,4,3
4904,10,9,3
4905,36,0,2
4906,33,1,6
4907,34,0,3
4908,72,0,5
4909,60,0,6
4910,71,0,3
4911,20,1,7
4912,9,1,5
4913,19,0,4
4914,39,0,5
4915,70,0,6
4916,87,1,3
4917,3,0,2
4918,59,0,7
4919,86,4,3
4920,22,0,2
4921,71,0,5
4922,81,1,3
4923,48,1,3
4924,27,0,2
4925,5,3,2
4926,67,0,5
4927,67,0,2
4928,56,1,7
4929,73,3,2
4930,30,1,4
4931,43,0,8
4932,41,0,3
4933,46,0,2
4934,48,0,4
4935,74,9,5
4936,74,0,4
4937,51,0,4
4938,42,0,4
4939,51,2,5
4940,44,0,2
4941,39,1,5
4942,59,0,4
4943,32,1,4
4944,37,0,2
4945,42,0,6
4946,74,0,3
4947,79,1,4
4948,10,0,3
4949,8,0,3
4950,54,2,4
4951,53,1,2
4952,18,1,5
4953,82,4,6
4954,5,0,4
4955,81,1,5
4956,46,9,6
4957,64,0,4
4958,65,1,5
4959,19,0,2
4960,52,0,6
4961,16,1,4
4962,8,0,4
4963,59,0,5
4964,31,0,3
4965,41,1,7
4966,59,1,7
4967,49,0,3
4968,82,1,3
4969,80,1,3
4970,22,0,2
4971,8,1,4
4972,66,0,5
4973,87,0,5
4974,80,2,4
4975,10,0,5
4976,60,2,4
4977,55,8,8
4978,40,0,4
4979,55,1,6
4980,52,0,4
4981,44,0,3
4982,47,0,6
4983,55,2,5
4984,41,0,4
4985,59,1,4
4986,54,1,6
4987,22,0,3
4988,73,1,2
4989,59,0,6
4990,74,2,8
4991,75,9,4
4992,52,9,3
4993,13,9,7
4994,15,9,4
4995,60,9,4
4996,48,9,2
4997,7,9,6
4998,70,9,5
4999,47,9,4
